num_attention_heads,hidden_size,train_micro_batch_size_per_gpu,seq_length,vocab_size,train_batch_size,tensor_mp_size,pipeline_mp_size,dp_size,flash_attn_latency,mlp_4h_to_h,estimated_attention_duration,estimated_attention_throughput,estimated_mlp_duration,estimated_mlp_throughput,estimated_duration,estimated_throughput
56,56,4,2048,51200,256,1,1,1,,,,,,,,
56,56,4,2048,51200,256,1,1,1,0.0006,2.933,0.0006,6.895,0.0001,5.865,0.0006,6.783
56,112,4,2048,51200,256,1,1,1,0.0006,16.006,0.0006,14.1,0.0001,32.013,0.0006,15.532
56,168,4,2048,51200,256,1,1,1,0.0006,36.817,0.0006,23.041,0.0001,73.634,0.0006,27.141
56,224,4,2048,51200,256,1,1,1,0.0006,49.168,0.0006,30.628,0.0001,98.335,0.0007,37.437
56,280,4,2048,51200,256,1,1,1,0.0006,75.559,0.0006,41.035,0.0001,151.118,0.0007,52.532
56,336,4,2048,51200,256,1,1,1,0.0006,80.212,0.0006,50.882,0.0001,160.424,0.0007,65.724
56,392,4,2048,51200,256,1,1,1,0.0006,117.317,0.0006,65.996,0.0001,234.635,0.0006,88.72
56,448,4,2048,51200,256,1,1,1,0.0006,136.672,0.0006,77.596,0.0001,273.345,0.0007,106.437
56,504,4,2048,51200,256,1,1,1,0.0006,144.206,0.0006,88.569,0.0001,288.413,0.0007,122.234
56,560,4,2048,51200,256,1,1,1,0.0006,137.971,0.0006,94.47,0.0001,275.941,0.0008,129.837
56,616,4,2048,51200,256,1,1,1,0.0006,148.165,0.0006,102.742,0.0002,296.33,0.0008,142.745
56,672,4,2048,51200,256,1,1,1,0.0007,149.651,0.0007,108.337,0.0002,299.302,0.0009,150.904
56,728,4,2048,51200,256,1,1,1,0.0009,179.778,0.0009,96.782,0.0002,359.555,0.0011,144.817
56,784,4,2048,51200,256,1,1,1,0.0008,180.67,0.0008,121.527,0.0002,361.339,0.001,175.68
56,840,4,2048,51200,256,1,1,1,0.0008,175.692,0.0008,125.814,0.0003,351.385,0.0011,180.847
56,896,4,2048,51200,256,1,1,1,0.0009,179.054,0.0009,132.278,0.0003,358.109,0.0011,190.174
56,952,4,2048,51200,256,1,1,1,0.0009,200.066,0.0009,135.013,0.0003,400.132,0.0012,200.061
56,1008,4,2048,51200,256,1,1,1,0.0009,165.974,0.0009,141.645,0.0004,331.948,0.0013,198.247
56,1064,4,2048,51200,256,1,1,1,0.001,198.25,0.001,144.132,0.0004,396.5,0.0014,212.354
56,1120,4,2048,51200,256,1,1,1,0.0011,204.133,0.0011,149.58,0.0004,408.266,0.0015,221.19
56,1176,4,2048,51200,256,1,1,1,0.0011,222.712,0.0011,153.527,0.0004,445.423,0.0015,232.125
56,1232,4,2048,51200,256,1,1,1,0.0011,225.827,0.0011,159.356,0.0004,451.653,0.0016,240.663
56,1288,4,2048,51200,256,1,1,1,0.0012,205.412,0.0012,164.617,0.0005,410.824,0.0017,240.61
56,1344,4,2048,51200,256,1,1,1,0.0012,199.535,0.0012,168.706,0.0006,399.07,0.0018,243.405
56,1400,4,2048,51200,256,1,1,1,0.0013,220.282,0.0013,175.33,0.0006,440.563,0.0019,258.859
56,1456,4,2048,51200,256,1,1,1,0.0013,227.34,0.0013,179.481,0.0006,454.68,0.0019,266.639
56,1512,4,2048,51200,256,1,1,1,0.0014,223.459,0.0014,183.479,0.0007,446.918,0.002,270.059
56,1568,4,2048,51200,256,1,1,1,0.0014,214.93,0.0014,184.038,0.0007,429.859,0.0022,267.921
56,1624,4,2048,51200,256,1,1,1,0.0015,229.259,0.0015,190.095,0.0008,458.518,0.0022,280.581
56,1680,4,2048,51200,256,1,1,1,0.0015,213.669,0.0015,192.33,0.0009,427.338,0.0024,276.62
56,1736,4,2048,51200,256,1,1,1,0.0016,230.0,0.0016,199.041,0.0009,460.0,0.0024,291.02
56,1792,4,2048,51200,256,1,1,1,0.0017,205.762,0.0017,199.6,0.001,411.524,0.0027,280.488
56,1848,4,2048,51200,256,1,1,1,0.0017,209.264,0.0017,207.635,0.0011,418.528,0.0027,289.812
56,1904,4,2048,51200,256,1,1,1,0.0018,213.576,0.0018,206.781,0.0011,427.152,0.0029,291.921
56,1960,4,2048,51200,256,1,1,1,0.0018,230.08,0.0018,216.934,0.0011,460.161,0.0029,309.956
56,2016,4,2048,51200,256,1,1,1,0.0019,214.139,0.0019,215.642,0.0012,428.279,0.0031,300.784
56,2072,4,2048,51200,256,1,1,1,0.0019,227.621,0.0019,224.127,0.0012,455.243,0.0031,315.93
56,2128,4,2048,51200,256,1,1,1,0.002,226.253,0.002,222.234,0.0013,452.507,0.0033,314.05
56,2184,4,2048,51200,256,1,1,1,0.002,222.066,0.002,235.005,0.0014,444.131,0.0034,322.58
56,2240,4,2048,51200,256,1,1,1,0.0021,213.639,0.0021,233.335,0.0015,427.278,0.0036,316.424
56,2296,4,2048,51200,256,1,1,1,0.002,257.177,0.002,244.318,0.0013,514.353,0.0034,351.386
56,2352,4,2048,51200,256,1,1,1,0.0022,241.551,0.0022,240.178,0.0015,483.102,0.0037,339.591
56,2408,4,2048,51200,256,1,1,1,0.0021,242.439,0.0021,254.094,0.0016,484.877,0.0037,351.889
56,2464,4,2048,51200,256,1,1,1,0.0022,247.001,0.0022,250.349,0.0016,494.001,0.0039,352.012
56,2520,4,2048,51200,256,1,1,1,0.0022,244.054,0.0022,262.586,0.0017,488.107,0.0039,360.337
56,2576,4,2048,51200,256,1,1,1,0.0024,211.931,0.0024,258.566,0.0021,423.862,0.0044,335.611
56,2632,4,2048,51200,256,1,1,1,0.0023,222.407,0.0023,269.904,0.002,444.815,0.0044,351.462
56,2688,4,2048,51200,256,1,1,1,0.0025,199.933,0.0025,266.223,0.0024,399.865,0.0048,331.828
56,2744,4,2048,51200,256,1,1,1,0.0024,229.497,0.0024,280.864,0.0022,458.994,0.0046,364.807
56,2800,4,2048,51200,256,1,1,1,0.0025,251.716,0.0025,276.672,0.002,503.432,0.0046,377.79
56,2856,4,2048,51200,256,1,1,1,0.0025,213.305,0.0025,289.544,0.0025,426.61,0.005,358.049
56,2912,4,2048,51200,256,1,1,1,0.0026,229.716,0.0026,285.148,0.0024,459.432,0.0051,368.582
56,2968,4,2048,51200,256,1,1,1,0.0026,228.989,0.0026,298.126,0.0025,457.978,0.0051,376.751
56,3024,4,2048,51200,256,1,1,1,0.0027,231.49,0.0027,293.232,0.0026,462.979,0.0053,375.763
56,3080,4,2048,51200,256,1,1,1,0.0027,219.688,0.0027,308.578,0.0028,439.377,0.0055,375.701
56,3136,4,2048,51200,256,1,1,1,0.0028,208.424,0.0028,303.688,0.0031,416.848,0.0059,362.921
56,3192,4,2048,51200,256,1,1,1,0.0028,229.029,0.0028,316.592,0.0029,458.057,0.0057,388.934
56,3248,4,2048,51200,256,1,1,1,0.0029,220.852,0.0029,308.863,0.0031,441.704,0.0061,377.321
56,3304,4,2048,51200,256,1,1,1,0.0029,239.572,0.0029,321.548,0.003,479.143,0.0059,401.304
56,3360,4,2048,51200,256,1,1,1,0.0031,185.017,0.0031,313.665,0.004,370.034,0.0071,345.519
56,3416,4,2048,51200,256,1,1,1,0.003,209.45,0.003,331.152,0.0037,418.9,0.0067,379.31
56,3472,4,2048,51200,256,1,1,1,0.0031,221.315,0.0031,325.249,0.0036,442.629,0.0067,387.648
56,3528,4,2048,51200,256,1,1,1,0.0031,231.379,0.0031,342.032,0.0035,462.758,0.0066,406.493
56,3584,4,2048,51200,256,1,1,1,0.0032,204.229,0.0032,336.061,0.0041,408.457,0.0073,376.702
56,3640,4,2048,51200,256,1,1,1,0.0032,212.433,0.0032,349.901,0.0041,424.867,0.0073,392.066
56,3696,4,2048,51200,256,1,1,1,0.0033,231.35,0.0033,343.147,0.0039,462.699,0.0072,407.388
56,3752,4,2048,51200,256,1,1,1,0.0033,229.156,0.0033,354.873,0.004,458.313,0.0073,411.647
56,3808,4,2048,51200,256,1,1,1,0.0035,201.885,0.0035,348.343,0.0047,403.77,0.0082,380.282
56,3864,4,2048,51200,256,1,1,1,0.0034,219.254,0.0034,364.391,0.0045,438.507,0.0079,406.475
56,3920,4,2048,51200,256,1,1,1,0.0036,200.012,0.0036,357.281,0.005,400.024,0.0086,382.335
56,3976,4,2048,51200,256,1,1,1,0.0035,207.961,0.0035,373.439,0.005,415.923,0.0085,398.425
56,4032,4,2048,51200,256,1,1,1,0.0036,192.737,0.0036,366.494,0.0055,385.474,0.0092,377.932
56,4088,4,2048,51200,256,1,1,1,0.0036,214.051,0.0036,383.751,0.0051,428.102,0.0087,409.878
56,4144,4,2048,51200,256,1,1,1,0.0037,203.123,0.0037,374.891,0.0055,406.246,0.0093,393.603
56,4200,4,2048,51200,256,1,1,1,0.0037,204.89,0.0037,391.827,0.0056,409.78,0.0093,402.705
56,4256,4,2048,51200,256,1,1,1,0.0038,207.044,0.0038,382.95,0.0057,414.087,0.0096,401.587
56,4312,4,2048,51200,256,1,1,1,0.0038,198.798,0.0038,401.116,0.0061,397.595,0.0099,398.934
56,4368,4,2048,51200,256,1,1,1,0.0039,221.311,0.0039,391.034,0.0056,442.622,0.0096,421.404
56,4424,4,2048,51200,256,1,1,1,0.0039,229.538,0.0039,409.727,0.0056,459.075,0.0094,438.929
56,4480,4,2048,51200,256,1,1,1,0.004,220.794,0.004,401.802,0.006,441.589,0.01,425.553
56,4536,4,2048,51200,256,1,1,1,0.004,229.746,0.004,418.217,0.0059,459.491,0.0098,442.883
56,4592,4,2048,51200,256,1,1,1,0.0041,221.783,0.0041,409.293,0.0062,443.566,0.0104,429.906
56,4648,4,2048,51200,256,1,1,1,0.004,202.013,0.004,427.011,0.007,404.025,0.0111,412.438
56,4704,4,2048,51200,256,1,1,1,0.0042,201.915,0.0042,417.819,0.0072,403.831,0.0114,409.013
56,4760,4,2048,51200,256,1,1,1,0.0041,200.42,0.0041,437.129,0.0074,400.84,0.0115,413.824
56,4816,4,2048,51200,256,1,1,1,0.0043,211.141,0.0043,428.363,0.0072,422.283,0.0115,424.557
56,4872,4,2048,51200,256,1,1,1,0.0043,206.783,0.0043,438.135,0.0075,413.566,0.0118,422.497
56,4928,4,2048,51200,256,1,1,1,0.0044,215.676,0.0044,434.823,0.0074,431.353,0.0118,432.653
56,4984,4,2048,51200,256,1,1,1,0.0043,188.867,0.0043,455.965,0.0086,377.735,0.0129,403.788
56,5040,4,2048,51200,256,1,1,1,0.0045,184.044,0.0045,444.894,0.009,368.089,0.0135,393.613
56,5096,4,2048,51200,256,1,1,1,0.0044,227.958,0.0044,466.585,0.0075,455.917,0.0118,459.862
56,5152,4,2048,51200,256,1,1,1,0.0046,227.473,0.0046,454.609,0.0076,454.945,0.0122,454.819
56,5208,4,2048,51200,256,1,1,1,0.0045,171.488,0.0045,473.091,0.0104,342.976,0.0149,382.34
56,5264,4,2048,51200,256,1,1,1,0.0047,222.628,0.0047,460.64,0.0082,445.255,0.0129,450.886
56,5320,4,2048,51200,256,1,1,1,0.0046,204.884,0.0046,482.598,0.0091,409.769,0.0136,434.247
56,5376,4,2048,51200,256,1,1,1,0.0048,181.559,0.0048,472.51,0.0104,363.118,0.0152,397.452
56,5432,4,2048,51200,256,1,1,1,0.0047,189.525,0.0047,492.627,0.0102,379.05,0.0149,414.688
56,5488,4,2048,51200,256,1,1,1,0.0049,189.969,0.0049,482.242,0.0104,379.938,0.0152,412.526
56,5544,4,2048,51200,256,1,1,1,0.0047,196.016,0.0047,502.51,0.0103,392.033,0.015,426.95
56,5600,4,2048,51200,256,1,1,1,0.0049,191.886,0.0049,491.934,0.0107,383.772,0.0157,417.921
56,5656,4,2048,51200,256,1,1,1,0.0049,181.357,0.0049,509.315,0.0116,362.714,0.0164,406.115
56,5712,4,2048,51200,256,1,1,1,0.0051,188.499,0.0051,497.515,0.0113,376.998,0.0164,414.216
56,5768,4,2048,51200,256,1,1,1,0.005,228.038,0.005,518.159,0.0096,456.076,0.0145,477.267
56,5824,4,2048,51200,256,1,1,1,0.0052,225.695,0.0052,505.828,0.0098,451.39,0.015,470.122
56,5880,4,2048,51200,256,1,1,1,0.005,143.979,0.005,528.181,0.0157,287.957,0.0208,346.202
56,5936,4,2048,51200,256,1,1,1,0.0053,203.069,0.0053,513.782,0.0114,406.137,0.0166,440.225
56,5992,4,2048,51200,256,1,1,1,0.0051,227.719,0.0051,539.332,0.0103,455.438,0.0154,483.192
56,6048,4,2048,51200,256,1,1,1,0.0053,183.668,0.0053,526.181,0.0131,367.337,0.0184,413.378
56,6104,4,2048,51200,256,1,1,1,0.0052,186.955,0.0052,545.556,0.0131,373.91,0.0183,422.967
56,6160,4,2048,51200,256,1,1,1,0.0055,184.598,0.0055,530.805,0.0135,369.196,0.0189,415.829
56,6216,4,2048,51200,256,1,1,1,0.0053,181.006,0.0053,553.112,0.014,362.013,0.0193,414.751
56,6272,4,2048,51200,256,1,1,1,0.0056,175.34,0.0056,540.33,0.0147,350.679,0.0203,402.651
56,6328,4,2048,51200,256,1,1,1,0.0054,169.539,0.0054,564.48,0.0155,339.077,0.0209,397.385
56,6384,4,2048,51200,256,1,1,1,0.0056,219.483,0.0056,550.917,0.0122,438.966,0.0178,474.359
56,6440,4,2048,51200,256,1,1,1,0.0055,200.306,0.0055,571.391,0.0136,400.613,0.0191,449.953
56,6496,4,2048,51200,256,1,1,1,0.0057,140.599,0.0057,559.729,0.0197,281.199,0.0254,343.946
56,6552,4,2048,51200,256,1,1,1,0.0056,144.76,0.0056,581.338,0.0194,289.519,0.025,354.758
56,6608,4,2048,51200,256,1,1,1,0.0058,203.065,0.0058,567.579,0.0141,406.13,0.0199,453.337
56,6664,4,2048,51200,256,1,1,1,0.0057,188.797,0.0057,590.552,0.0154,377.593,0.0211,434.973
56,6720,4,2048,51200,256,1,1,1,0.0059,189.602,0.0059,576.584,0.0156,379.203,0.0215,433.445
56,6776,4,2048,51200,256,1,1,1,0.0057,160.959,0.0057,604.015,0.0187,321.918,0.0244,388.139
56,6832,4,2048,51200,256,1,1,1,0.006,163.621,0.006,586.924,0.0187,327.243,0.0247,390.279
56,6888,4,2048,51200,256,1,1,1,0.0058,163.777,0.0058,612.645,0.019,327.554,0.0248,394.53
56,6944,4,2048,51200,256,1,1,1,0.0061,160.844,0.0061,594.247,0.0196,321.689,0.0257,386.28
56,7000,4,2048,51200,256,1,1,1,0.0059,166.876,0.0059,619.101,0.0192,333.752,0.0252,401.107
56,7056,4,2048,51200,256,1,1,1,0.0062,159.821,0.0062,603.505,0.0204,319.643,0.0266,385.695
56,7112,4,2048,51200,256,1,1,1,0.006,162.241,0.006,628.218,0.0204,324.481,0.0265,393.752
56,7168,4,2048,51200,256,1,1,1,0.0063,159.095,0.0063,613.113,0.0212,318.19,0.0274,385.647
56,7224,4,2048,51200,256,1,1,1,0.0062,160.676,0.0062,633.455,0.0213,321.352,0.0274,391.441
56,7280,4,2048,51200,256,1,1,1,0.0064,159.623,0.0064,617.45,0.0218,319.247,0.0282,387.157
56,7336,4,2048,51200,256,1,1,1,0.0063,199.528,0.0063,638.601,0.0177,399.055,0.024,461.952
56,7392,4,2048,51200,256,1,1,1,0.0065,187.486,0.0065,623.916,0.0191,374.972,0.0256,438.431
56,7448,4,2048,51200,256,1,1,1,0.0064,198.857,0.0064,650.775,0.0183,397.714,0.0246,462.986
56,7504,4,2048,51200,256,1,1,1,0.0066,152.318,0.0066,634.558,0.0242,304.637,0.0308,375.348
56,7560,4,2048,51200,256,1,1,1,0.0064,139.012,0.0064,661.458,0.0269,278.023,0.0334,351.893
56,7616,4,2048,51200,256,1,1,1,0.0067,150.148,0.0067,644.583,0.0253,300.296,0.032,372.26
56,7672,4,2048,51200,256,1,1,1,0.0065,181.429,0.0065,673.214,0.0213,362.857,0.0278,435.478
56,7728,4,2048,51200,256,1,1,1,0.0068,183.648,0.0068,652.707,0.0213,367.295,0.0281,436.264
56,7784,4,2048,51200,256,1,1,1,0.0066,175.143,0.0066,680.861,0.0227,350.286,0.0293,424.815
56,7840,4,2048,51200,256,1,1,1,0.0069,161.824,0.0069,662.277,0.0249,323.649,0.0318,396.948
56,7896,4,2048,51200,256,1,1,1,0.0067,162.749,0.0067,687.98,0.0251,325.499,0.0318,401.94
56,7952,4,2048,51200,256,1,1,1,0.007,158.659,0.007,668.635,0.0261,317.318,0.0331,391.537
56,8008,4,2048,51200,256,1,1,1,0.0068,159.167,0.0068,695.977,0.0264,318.333,0.0332,395.768
56,8064,4,2048,51200,256,1,1,1,0.0071,152.182,0.0071,678.706,0.028,304.363,0.0351,379.876
56,8120,4,2048,51200,256,1,1,1,0.0069,179.105,0.0069,703.35,0.0241,358.209,0.031,435.125
56,8176,4,2048,51200,256,1,1,1,0.0072,191.654,0.0072,684.396,0.0229,383.308,0.0301,455.45
56,8232,4,2048,51200,256,1,1,1,0.007,191.585,0.007,717.347,0.0232,383.171,0.0301,460.347
56,8288,4,2048,51200,256,1,1,1,0.0072,158.268,0.0072,700.536,0.0284,316.535,0.0357,394.276
56,8344,4,2048,51200,256,1,1,1,0.0071,162.591,0.0071,724.507,0.0281,325.182,0.0351,405.546
56,8400,4,2048,51200,256,1,1,1,0.0073,165.392,0.0073,706.21,0.028,330.784,0.0353,408.901
56,8456,4,2048,51200,256,1,1,1,0.0072,158.388,0.0072,734.631,0.0296,316.776,0.0367,398.116
56,8512,4,2048,51200,256,1,1,1,0.0074,159.274,0.0074,715.652,0.0298,318.548,0.0372,397.799
56,8568,4,2048,51200,256,1,1,1,0.0072,160.269,0.0072,745.772,0.03,320.538,0.0372,403.004
56,8624,4,2048,51200,256,1,1,1,0.0075,161.148,0.0075,725.665,0.0302,322.297,0.0378,402.567
56,8680,4,2048,51200,256,1,1,1,0.0073,161.26,0.0073,752.843,0.0306,322.52,0.038,405.66
56,8736,4,2048,51200,256,1,1,1,0.0076,160.514,0.0076,733.163,0.0312,321.027,0.0388,402.023
56,8792,4,2048,51200,256,1,1,1,0.0075,186.493,0.0075,758.449,0.0272,372.985,0.0346,456.012
56,8848,4,2048,51200,256,1,1,1,0.0078,183.284,0.0078,737.453,0.028,366.567,0.0358,447.086
56,8904,4,2048,51200,256,1,1,1,0.0075,194.034,0.0075,767.716,0.0268,388.069,0.0343,471.535
56,8960,4,2048,51200,256,1,1,1,0.0078,137.816,0.0078,748.258,0.0382,275.631,0.046,356.112
56,9016,4,2048,51200,256,1,1,1,0.0076,138.274,0.0076,777.831,0.0385,276.548,0.0462,359.384
56,9072,4,2048,51200,256,1,1,1,0.008,156.936,0.008,755.009,0.0344,313.873,0.0423,396.747
56,9128,4,2048,51200,256,1,1,1,0.0077,160.575,0.0077,788.921,0.034,321.151,0.0417,407.495
56,9184,4,2048,51200,256,1,1,1,0.008,164.768,0.008,769.179,0.0335,329.536,0.0415,414.083
56,9240,4,2048,51200,256,1,1,1,0.0078,159.851,0.0078,796.045,0.035,319.702,0.0428,406.577
56,9296,4,2048,51200,256,1,1,1,0.0081,160.705,0.0081,775.766,0.0352,321.41,0.0433,406.364
56,9352,4,2048,51200,256,1,1,1,0.0079,160.848,0.0079,803.617,0.0356,321.695,0.0435,409.268
56,9408,4,2048,51200,256,1,1,1,0.0082,162.205,0.0082,785.507,0.0358,324.409,0.0439,410.318
56,9464,4,2048,51200,256,1,1,1,0.008,198.081,0.008,816.735,0.0296,396.163,0.0376,485.255
56,9520,4,2048,51200,256,1,1,1,0.0083,183.804,0.0083,793.622,0.0323,367.609,0.0406,454.578
56,9576,4,2048,51200,256,1,1,1,0.0081,184.092,0.0081,825.827,0.0326,368.183,0.0407,458.759
56,9632,4,2048,51200,256,1,1,1,0.0084,139.139,0.0084,804.469,0.0437,278.278,0.0521,362.791
56,9688,4,2048,51200,256,1,1,1,0.0082,139.849,0.0082,833.021,0.044,279.699,0.0521,366.329
56,9744,4,2048,51200,256,1,1,1,0.0085,159.638,0.0085,811.109,0.039,319.275,0.0475,407.138
56,9800,4,2048,51200,256,1,1,1,0.0083,158.931,0.0083,839.875,0.0396,317.862,0.0479,408.104
56,9856,4,2048,51200,256,1,1,1,0.0086,163.452,0.0086,819.156,0.0389,326.903,0.0475,415.759
56,9912,4,2048,51200,256,1,1,1,0.0084,161.308,0.0084,849.275,0.0399,322.616,0.0483,413.86
56,9968,4,2048,51200,256,1,1,1,0.0087,161.004,0.0087,827.769,0.0404,322.009,0.0491,411.329
56,10024,4,2048,51200,256,1,1,1,0.0084,158.831,0.0084,860.042,0.0415,317.663,0.0499,409.39
56,10080,4,2048,51200,256,1,1,1,0.0087,157.642,0.0087,840.329,0.0422,315.285,0.051,405.205
56,10136,4,2048,51200,256,1,1,1,0.0085,192.848,0.0085,868.994,0.0349,385.695,0.0434,480.597
56,10192,4,2048,51200,256,1,1,1,0.0088,177.962,0.0088,846.736,0.0383,355.925,0.0471,448.121
56,10248,4,2048,51200,256,1,1,1,0.0086,192.478,0.0086,878.965,0.0358,384.955,0.0444,480.847
56,10304,4,2048,51200,256,1,1,1,0.0089,187.555,0.0089,855.507,0.0371,375.11,0.046,468.409
56,10360,4,2048,51200,256,1,1,1,0.0087,151.668,0.0087,884.356,0.0464,303.336,0.0551,395.468
56,10416,4,2048,51200,256,1,1,1,0.0091,160.018,0.0091,860.143,0.0444,320.037,0.0535,411.671
56,10472,4,2048,51200,256,1,1,1,0.0088,159.467,0.0088,891.588,0.0451,318.933,0.0539,412.919
56,10528,4,2048,51200,256,1,1,1,0.0092,160.641,0.0092,864.459,0.0452,321.282,0.0544,413.279
56,10584,4,2048,51200,256,1,1,1,0.009,159.493,0.009,898.666,0.046,318.987,0.055,413.436
56,10640,4,2048,51200,256,1,1,1,0.0093,160.179,0.0093,872.264,0.0463,320.358,0.0556,412.843
56,10696,4,2048,51200,256,1,1,1,0.0091,160.865,0.0091,907.475,0.0466,321.731,0.0557,416.999
56,10752,4,2048,51200,256,1,1,1,0.0094,160.368,0.0094,883.038,0.0472,320.735,0.0566,414.025
56,10808,4,2048,51200,256,1,1,1,0.0091,157.066,0.0091,916.146,0.0487,314.132,0.0579,409.265
56,10864,4,2048,51200,256,1,1,1,0.0095,178.933,0.0095,892.765,0.0432,357.866,0.0527,454.077
56,10920,4,2048,51200,256,1,1,1,0.0092,179.389,0.0092,925.547,0.0436,358.779,0.0528,457.914
56,10976,4,2048,51200,256,1,1,1,0.0096,154.075,0.0096,900.422,0.0512,308.15,0.0608,401.489
56,11032,4,2048,51200,256,1,1,1,0.0093,159.099,0.0093,934.443,0.0501,318.198,0.0595,414.872
56,11088,4,2048,51200,256,1,1,1,0.0097,158.913,0.0097,907.655,0.0507,317.827,0.0604,412.521
56,11144,4,2048,51200,256,1,1,1,0.0094,159.317,0.0094,942.505,0.0511,318.634,0.0605,415.84
56,11200,4,2048,51200,256,1,1,1,0.0098,161.409,0.0098,917.744,0.0509,322.818,0.0607,418.627
56,11256,4,2048,51200,256,1,1,1,0.0095,160.609,0.0095,952.986,0.0517,321.217,0.0612,419.336
56,11312,4,2048,51200,256,1,1,1,0.0099,159.277,0.0099,924.782,0.0527,318.555,0.0625,414.414
56,11368,4,2048,51200,256,1,1,1,0.0096,158.837,0.0096,960.136,0.0533,317.675,0.0629,415.831
56,11424,4,2048,51200,256,1,1,1,0.0099,159.547,0.0099,936.87,0.0536,319.094,0.0636,415.787
56,11480,4,2048,51200,256,1,1,1,0.0097,175.829,0.0097,970.398,0.0491,351.657,0.0588,453.642
56,11536,4,2048,51200,256,1,1,1,0.0101,188.952,0.0101,941.633,0.0462,377.905,0.0562,478.983
56,11592,4,2048,51200,256,1,1,1,0.0098,182.176,0.0098,978.948,0.0483,364.352,0.0581,467.864
56,11648,4,2048,51200,256,1,1,1,0.0102,139.43,0.0102,951.936,0.0638,278.861,0.0739,371.372
56,11704,4,2048,51200,256,1,1,1,0.0099,140.661,0.0099,987.554,0.0638,281.321,0.0737,376.042
56,11760,4,2048,51200,256,1,1,1,0.0103,159.143,0.0103,958.968,0.057,318.286,0.0672,416.203
56,11816,4,2048,51200,256,1,1,1,0.01,157.499,0.01,994.709,0.0581,314.999,0.0681,414.781
56,11872,4,2048,51200,256,1,1,1,0.0104,158.734,0.0104,967.513,0.0582,317.469,0.0686,415.794
56,11928,4,2048,51200,256,1,1,1,0.0101,157.645,0.0101,1004.495,0.0591,315.291,0.0692,415.639
56,11984,4,2048,51200,256,1,1,1,0.0105,161.068,0.0105,976.661,0.0584,322.136,0.0689,421.512
56,12040,4,2048,51200,256,1,1,1,0.0102,160.805,0.0102,1014.235,0.0591,321.61,0.0692,423.274
56,12096,4,2048,51200,256,1,1,1,0.0105,159.421,0.0105,986.049,0.0601,318.842,0.0707,418.389
56,12152,4,2048,51200,256,1,1,1,0.0102,180.585,0.0102,1024.454,0.0536,361.17,0.0638,467.6
56,12208,4,2048,51200,256,1,1,1,0.0106,187.205,0.0106,997.757,0.0522,374.41,0.0628,479.753
56,12264,4,2048,51200,256,1,1,1,0.0103,175.612,0.0103,1035.021,0.0561,351.225,0.0664,457.411
56,12320,4,2048,51200,256,1,1,1,0.0107,139.846,0.0107,1005.547,0.0711,279.692,0.0818,374.716
56,12376,4,2048,51200,256,1,1,1,0.0104,135.333,0.0104,1041.169,0.0742,270.666,0.0846,365.726
56,12432,4,2048,51200,256,1,1,1,0.0108,152.104,0.0108,1010.961,0.0666,304.209,0.0774,403.184
56,12488,4,2048,51200,256,1,1,1,0.012,161.784,0.012,918.484,0.0632,323.567,0.0752,418.8
56,12544,4,2048,51200,256,1,1,1,0.0109,160.158,0.0109,1020.355,0.0644,320.317,0.0753,421.918
56,12600,4,2048,51200,256,1,1,1,0.0106,159.777,0.0106,1058.324,0.0651,319.553,0.0757,423.227
56,12656,4,2048,51200,256,1,1,1,0.011,160.66,0.011,1027.868,0.0653,321.32,0.0764,423.439
56,12712,4,2048,51200,256,1,1,1,0.0107,158.332,0.0107,1068.109,0.0669,316.664,0.0776,420.41
56,12768,4,2048,51200,256,1,1,1,0.0111,175.302,0.0111,1039.353,0.0609,350.605,0.072,456.75
56,12824,4,2048,51200,256,1,1,1,0.0108,154.219,0.0108,1076.204,0.0699,308.438,0.0807,411.323
56,12880,4,2048,51200,256,1,1,1,0.0112,158.666,0.0112,1044.649,0.0685,317.332,0.0798,419.785
56,12936,4,2048,51200,256,1,1,1,0.0109,159.673,0.0109,1084.332,0.0687,319.346,0.0796,424.242
56,12992,4,2048,51200,256,1,1,1,0.0113,160.102,0.0113,1052.916,0.0691,320.203,0.0804,423.459
56,13048,4,2048,51200,256,1,1,1,0.011,153.184,0.011,1095.094,0.0728,306.367,0.0838,409.757
56,13104,4,2048,51200,256,1,1,1,0.0114,156.568,0.0114,1061.8,0.0719,313.137,0.0833,415.832
56,13160,4,2048,51200,256,1,1,1,0.0111,151.457,0.0111,1104.089,0.0749,302.914,0.086,406.112
56,13216,4,2048,51200,256,1,1,1,0.0115,164.573,0.0115,1073.152,0.0696,329.145,0.081,434.649
56,13272,4,2048,51200,256,1,1,1,0.0111,163.578,0.0111,1116.233,0.0706,327.156,0.0817,434.732
56,13328,4,2048,51200,256,1,1,1,0.0116,183.494,0.0116,1081.073,0.0634,366.988,0.075,477.335
56,13384,4,2048,51200,256,1,1,1,0.0112,178.625,0.0112,1123.411,0.0657,357.25,0.077,469.226
56,13440,4,2048,51200,256,1,1,1,0.0116,147.441,0.0116,1094.512,0.0803,294.883,0.0919,396.129
56,13496,4,2048,51200,256,1,1,1,0.0113,176.132,0.0113,1134.646,0.0678,352.264,0.0791,464.229
56,13552,4,2048,51200,256,1,1,1,0.0117,161.109,0.0117,1104.746,0.0747,322.218,0.0864,428.318
56,13608,4,2048,51200,256,1,1,1,0.0114,139.168,0.0114,1141.016,0.0872,278.337,0.0986,378.357
56,13664,4,2048,51200,256,1,1,1,0.0118,147.77,0.0118,1112.508,0.0828,295.541,0.0946,397.614
56,13720,4,2048,51200,256,1,1,1,0.0116,157.279,0.0116,1147.612,0.0784,314.559,0.09,421.499
56,13776,4,2048,51200,256,1,1,1,0.0125,160.339,0.0125,1072.933,0.0776,320.679,0.09,424.745
56,13832,4,2048,51200,256,1,1,1,0.012,155.587,0.012,1120.551,0.0806,311.174,0.0926,416.211
56,13888,4,2048,51200,256,1,1,1,0.012,161.537,0.012,1130.119,0.0783,323.073,0.0903,430.455
56,13944,4,2048,51200,256,1,1,1,0.0131,146.884,0.0131,1044.915,0.0868,293.767,0.0998,392.25
56,14000,4,2048,51200,256,1,1,1,0.0122,157.857,0.0122,1131.791,0.0814,315.714,0.0936,421.959
56,14056,4,2048,51200,256,1,1,1,0.0117,160.364,0.0117,1183.439,0.0807,320.728,0.0925,430.229
56,14112,4,2048,51200,256,1,1,1,0.0122,165.829,0.0122,1144.067,0.0787,331.657,0.0909,440.965
56,14168,4,2048,51200,256,1,1,1,0.0119,177.32,0.0119,1187.556,0.0742,354.641,0.0861,469.592
56,14224,4,2048,51200,256,1,1,1,0.0123,172.495,0.0123,1153.849,0.0769,344.989,0.0892,456.711
56,14280,4,2048,51200,256,1,1,1,0.0119,139.653,0.0119,1199.05,0.0957,279.305,0.1076,381.369
56,14336,4,2048,51200,256,1,1,1,0.0124,136.098,0.0124,1166.356,0.099,272.196,0.1113,371.562
56,14392,4,2048,51200,256,1,1,1,0.012,154.958,0.012,1208.09,0.0876,309.916,0.0996,418.412
56,14448,4,2048,51200,256,1,1,1,0.0138,154.966,0.0138,1062.664,0.0883,309.931,0.1021,411.603
56,14504,4,2048,51200,256,1,1,1,0.0134,156.561,0.0134,1097.762,0.0881,313.123,0.1015,417.058
56,14560,4,2048,51200,256,1,1,1,0.0132,157.179,0.0132,1125.121,0.0884,314.358,0.1016,419.818
56,14616,4,2048,51200,256,1,1,1,0.0136,154.622,0.0136,1102.768,0.0905,309.244,0.1041,412.769
56,14672,4,2048,51200,256,1,1,1,0.0127,180.131,0.0127,1188.782,0.0783,360.263,0.091,475.833
56,14728,4,2048,51200,256,1,1,1,0.0123,173.463,0.0123,1237.027,0.082,346.926,0.0942,463.009
56,14784,4,2048,51200,256,1,1,1,0.0128,172.479,0.0128,1200.519,0.083,344.957,0.0958,458.888
56,14840,4,2048,51200,256,1,1,1,0.0124,135.072,0.0124,1244.587,0.1069,270.145,0.1192,371.444
56,14896,4,2048,51200,256,1,1,1,0.0129,137.938,0.0129,1207.913,0.1054,275.877,0.1183,377.255
56,14952,4,2048,51200,256,1,1,1,0.0125,155.322,0.0125,1252.375,0.0943,310.643,0.1068,420.835
56,15008,4,2048,51200,256,1,1,1,0.0139,156.658,0.0139,1136.957,0.0942,313.317,0.1081,418.993
56,15064,4,2048,51200,256,1,1,1,0.0141,156.354,0.0141,1125.074,0.0951,312.709,0.1092,417.697
56,15120,4,2048,51200,256,1,1,1,0.0144,154.785,0.0144,1109.293,0.0968,309.57,0.1112,413.267
56,15176,4,2048,51200,256,1,1,1,0.0143,154.701,0.0143,1124.544,0.0976,309.401,0.1119,413.777
56,15232,4,2048,51200,256,1,1,1,0.0146,126.715,0.0146,1110.618,0.12,253.429,0.1346,346.474
56,15288,4,2048,51200,256,1,1,1,0.0145,155.832,0.0145,1130.037,0.0983,311.665,0.1128,416.633
56,15344,4,2048,51200,256,1,1,1,0.0137,153.443,0.0137,1205.076,0.1006,306.887,0.1142,414.297
56,15400,4,2048,51200,256,1,1,1,0.0128,170.456,0.0128,1290.338,0.0912,340.912,0.104,458.155
56,15456,4,2048,51200,256,1,1,1,0.0133,165.624,0.0133,1251.822,0.0945,331.248,0.1079,445.06
56,15512,4,2048,51200,256,1,1,1,0.013,167.934,0.013,1297.083,0.0939,335.868,0.1069,452.442
56,15568,4,2048,51200,256,1,1,1,0.0135,141.509,0.0135,1257.677,0.1122,283.018,0.1257,387.381
56,15624,4,2048,51200,256,1,1,1,0.0131,149.63,0.0131,1304.195,0.1069,299.26,0.12,408.73
56,15680,4,2048,51200,256,1,1,1,0.0149,155.651,0.0149,1154.512,0.1035,311.302,0.1184,417.198
56,15736,4,2048,51200,256,1,1,1,0.0149,156.516,0.0149,1161.726,0.1037,313.031,0.1186,419.532
56,15792,4,2048,51200,256,1,1,1,0.0151,157.895,0.0151,1155.853,0.1035,315.791,0.1186,422.471
56,15848,4,2048,51200,256,1,1,1,0.0132,156.643,0.0132,1325.73,0.1051,313.285,0.1183,426.411
56,15904,4,2048,51200,256,1,1,1,0.0137,177.928,0.0137,1287.958,0.0932,355.857,0.1069,475.345
56,15960,4,2048,51200,256,1,1,1,0.0133,160.409,0.0133,1336.625,0.1041,320.818,0.1174,435.855
56,16016,4,2048,51200,256,1,1,1,0.0138,178.395,0.0138,1293.127,0.0942,356.791,0.1081,476.633
56,16072,4,2048,51200,256,1,1,1,0.0134,134.702,0.0134,1339.856,0.1257,269.404,0.1391,372.819
56,16128,4,2048,51200,256,1,1,1,0.0139,134.262,0.0139,1301.567,0.127,268.523,0.1409,370.648
56,16184,4,2048,51200,256,1,1,1,0.0135,138.315,0.0135,1349.485,0.1241,276.63,0.1376,382.059
56,16240,4,2048,51200,256,1,1,1,0.014,158.53,0.014,1311.96,0.109,317.059,0.123,430.31
56,16296,4,2048,51200,256,1,1,1,0.0135,149.565,0.0135,1365.172,0.1164,299.13,0.1299,410.316
56,16352,4,2048,51200,256,1,1,1,0.0142,156.809,0.0142,1315.808,0.1118,313.618,0.1259,426.266
56,16408,4,2048,51200,256,1,1,1,0.0155,149.689,0.0155,1208.636,0.1179,299.378,0.1334,405.106
56,16464,4,2048,51200,256,1,1,1,0.0141,155.987,0.0141,1334.182,0.1139,311.974,0.128,424.896
56,16520,4,2048,51200,256,1,1,1,0.0149,157.944,0.0149,1275.669,0.1132,315.887,0.1281,427.421
56,16576,4,2048,51200,256,1,1,1,0.0143,151.709,0.0143,1339.646,0.1187,303.418,0.133,414.641
56,16632,4,2048,51200,256,1,1,1,0.0139,168.48,0.0139,1387.379,0.1076,336.959,0.1215,456.91
56,16688,4,2048,51200,256,1,1,1,0.0144,173.404,0.0144,1343.23,0.1053,346.808,0.1197,466.881
56,16744,4,2048,51200,256,1,1,1,0.014,145.266,0.014,1394.803,0.1265,290.533,0.1405,400.429
56,16800,4,2048,51200,256,1,1,1,0.0145,138.194,0.0145,1356.889,0.1338,276.387,0.1483,381.754
56,16856,4,2048,51200,256,1,1,1,0.0142,145.518,0.0142,1393.721,0.128,291.036,0.1421,400.984
56,16912,4,2048,51200,256,1,1,1,0.0146,150.859,0.0146,1365.958,0.1243,301.718,0.1388,413.302
56,16968,4,2048,51200,256,1,1,1,0.0142,156.386,0.0142,1413.749,0.1207,312.772,0.1348,428.352
56,17024,4,2048,51200,256,1,1,1,0.0147,156.948,0.0147,1371.878,0.121,313.897,0.1357,428.335
56,17080,4,2048,51200,256,1,1,1,0.0143,158.139,0.0143,1419.645,0.1209,316.279,0.1352,432.797
56,17136,4,2048,51200,256,1,1,1,0.0148,158.315,0.0148,1379.697,0.1216,316.629,0.1363,431.886
56,17192,4,2048,51200,256,1,1,1,0.0143,159.384,0.0143,1431.4,0.1215,318.768,0.1359,436.184
56,17248,4,2048,51200,256,1,1,1,0.0149,160.039,0.0149,1387.376,0.1218,320.078,0.1367,436.301
56,17304,4,2048,51200,256,1,1,1,0.0144,167.256,0.0144,1440.07,0.1173,334.512,0.1318,455.617
56,17360,4,2048,51200,256,1,1,1,0.0149,180.73,0.0149,1400.834,0.1093,361.461,0.1242,486.397
56,17416,4,2048,51200,256,1,1,1,0.0145,152.448,0.0145,1452.075,0.1304,304.897,0.1449,419.659
56,17472,4,2048,51200,256,1,1,1,0.0151,176.657,0.0151,1406.426,0.1132,353.314,0.1283,476.91
56,17528,4,2048,51200,256,1,1,1,0.0146,138.195,0.0146,1458.568,0.1457,276.389,0.1603,384.135
56,17584,4,2048,51200,256,1,1,1,0.0152,142.971,0.0152,1414.395,0.1417,285.941,0.1569,394.986
56,17640,4,2048,51200,256,1,1,1,0.0147,136.873,0.0147,1470.037,0.149,273.745,0.1637,381.027
56,17696,4,2048,51200,256,1,1,1,0.0168,157.516,0.0168,1294.744,0.1303,315.032,0.1471,426.742
56,17752,4,2048,51200,256,1,1,1,0.0151,155.901,0.0151,1442.048,0.1325,311.803,0.1476,427.781
56,17808,4,2048,51200,256,1,1,1,0.0153,157.956,0.0153,1432.661,0.1316,315.912,0.1469,432.522
56,17864,4,2048,51200,256,1,1,1,0.0152,157.833,0.0152,1456.54,0.1325,315.666,0.1477,432.943
56,17920,4,2048,51200,256,1,1,1,0.0154,157.614,0.0154,1442.034,0.1335,315.228,0.149,431.939
56,17976,4,2048,51200,256,1,1,1,0.015,153.619,0.015,1489.995,0.1379,307.239,0.1529,423.463
56,18032,4,2048,51200,256,1,1,1,0.0155,171.409,0.0155,1452.103,0.1243,342.818,0.1398,465.848
56,18088,4,2048,51200,256,1,1,1,0.0151,170.276,0.0151,1504.935,0.1259,340.551,0.141,464.889
56,18144,4,2048,51200,256,1,1,1,0.0156,154.241,0.0156,1462.978,0.1399,308.482,0.1555,424.182
56,18200,4,2048,51200,256,1,1,1,0.0151,138.815,0.0151,1516.864,0.1564,277.629,0.1715,386.859
56,18256,4,2048,51200,256,1,1,1,0.0157,136.696,0.0157,1473.325,0.1598,273.392,0.1754,380.475
56,18312,4,2048,51200,256,1,1,1,0.0152,153.001,0.0152,1525.483,0.1436,306.001,0.1588,422.783
56,18368,4,2048,51200,256,1,1,1,0.0178,151.54,0.0178,1310.644,0.1459,303.079,0.1637,412.691
56,18424,4,2048,51200,256,1,1,1,0.0153,155.496,0.0153,1532.901,0.1431,310.992,0.1584,429.176
56,18480,4,2048,51200,256,1,1,1,0.0159,148.147,0.0159,1486.954,0.1511,296.293,0.167,409.581
56,18536,4,2048,51200,256,1,1,1,0.0155,150.598,0.0155,1535.091,0.1495,301.197,0.165,416.951
56,18592,4,2048,51200,256,1,1,1,0.016,161.496,0.016,1491.085,0.1403,322.993,0.1563,442.786
56,18648,4,2048,51200,256,1,1,1,0.0155,167.53,0.0155,1549.726,0.136,335.059,0.1515,459.399
56,18704,4,2048,51200,256,1,1,1,0.0161,158.39,0.0161,1499.547,0.1448,316.78,0.1609,435.341
56,18760,4,2048,51200,256,1,1,1,0.0156,126.711,0.0156,1559.673,0.182,253.421,0.1976,356.504
56,18816,4,2048,51200,256,1,1,1,0.0162,132.501,0.0162,1511.833,0.1751,265.001,0.1913,370.476
56,18872,4,2048,51200,256,1,1,1,0.0157,130.91,0.0157,1566.632,0.1783,261.82,0.194,367.461
56,18928,4,2048,51200,256,1,1,1,0.0163,147.064,0.0163,1517.877,0.1597,294.128,0.176,407.527
56,18984,4,2048,51200,256,1,1,1,0.0158,148.772,0.0158,1572.602,0.1588,297.543,0.1746,413.147
56,19040,4,2048,51200,256,1,1,1,0.0164,144.621,0.0164,1528.679,0.1643,289.242,0.1807,401.604
56,19096,4,2048,51200,256,1,1,1,0.0159,148.865,0.0159,1588.023,0.1605,297.73,0.1764,413.715
56,19152,4,2048,51200,256,1,1,1,0.0164,149.838,0.0164,1540.85,0.1604,299.676,0.1769,415.01
56,19208,4,2048,51200,256,1,1,1,0.016,142.618,0.016,1593.876,0.1695,285.235,0.1855,397.95
56,19264,4,2048,51200,256,1,1,1,0.0168,154.187,0.0168,1522.007,0.1577,308.373,0.1746,425.373
56,19320,4,2048,51200,256,1,1,1,0.0161,154.626,0.0161,1601.581,0.1582,309.253,0.1743,428.511
56,19376,4,2048,51200,256,1,1,1,0.0166,154.261,0.0166,1556.323,0.1595,308.522,0.1761,426.434
56,19432,4,2048,51200,256,1,1,1,0.0161,150.863,0.0161,1618.984,0.164,301.726,0.1801,419.398
56,19488,4,2048,51200,256,1,1,1,0.0167,149.171,0.0167,1566.25,0.1669,298.341,0.1836,413.862
56,19544,4,2048,51200,256,1,1,1,0.0163,131.489,0.0163,1620.409,0.1904,262.979,0.2066,369.78
56,19600,4,2048,51200,256,1,1,1,0.0173,146.501,0.0173,1527.424,0.1719,293.003,0.1892,406.166
56,19656,4,2048,51200,256,1,1,1,0.0164,146.335,0.0164,1625.278,0.173,292.67,0.1894,407.981
56,19712,4,2048,51200,256,1,1,1,0.017,149.02,0.017,1578.63,0.1709,298.039,0.1879,413.717
56,19768,4,2048,51200,256,1,1,1,0.0183,148.884,0.0183,1472.892,0.172,297.767,0.1903,410.698
56,19824,4,2048,51200,256,1,1,1,0.017,155.067,0.017,1589.08,0.1661,310.134,0.1831,429.169
56,19880,4,2048,51200,256,1,1,1,0.0166,151.513,0.0166,1645.557,0.1709,303.026,0.1875,421.532
56,19936,4,2048,51200,256,1,1,1,0.0171,154.667,0.0171,1598.07,0.1684,309.335,0.1855,428.359
56,19992,4,2048,51200,256,1,1,1,0.0166,165.964,0.0166,1657.813,0.1578,331.929,0.1744,458.177
56,20048,4,2048,51200,256,1,1,1,0.0172,154.639,0.0172,1606.03,0.1703,309.278,0.1876,428.454
56,20104,4,2048,51200,256,1,1,1,0.0167,158.318,0.0167,1667.144,0.1673,316.636,0.184,439.187
56,20160,4,2048,51200,256,1,1,1,0.0173,117.425,0.0173,1617.327,0.2268,234.85,0.2441,332.846
56,20216,4,2048,51200,256,1,1,1,0.0168,130.935,0.0168,1675.085,0.2046,261.869,0.2214,369.122
56,20272,4,2048,51200,256,1,1,1,0.0175,147.1,0.0175,1620.727,0.1831,294.2,0.2005,409.67
56,20328,4,2048,51200,256,1,1,1,0.0169,147.743,0.0169,1679.047,0.1833,295.485,0.2002,412.541
56,20384,4,2048,51200,256,1,1,1,0.0175,147.09,0.0175,1632.827,0.1851,294.181,0.2026,409.882
56,20440,4,2048,51200,256,1,1,1,0.017,153.066,0.017,1693.914,0.1789,306.132,0.1959,426.405
56,20496,4,2048,51200,256,1,1,1,0.0176,154.252,0.0176,1643.318,0.1785,308.504,0.1961,428.256
56,20552,4,2048,51200,256,1,1,1,0.0171,153.193,0.0171,1697.601,0.1807,306.387,0.1978,426.781
56,20608,4,2048,51200,256,1,1,1,0.0177,157.167,0.0177,1650.493,0.1771,314.334,0.1948,435.755
56,20664,4,2048,51200,256,1,1,1,0.0172,153.897,0.0172,1706.978,0.1818,307.795,0.199,428.748
56,20720,4,2048,51200,256,1,1,1,0.0178,155.984,0.0178,1659.863,0.1804,311.968,0.1982,432.963
56,20776,4,2048,51200,256,1,1,1,0.0173,127.46,0.0173,1718.469,0.2219,254.92,0.2392,360.598
56,20832,4,2048,51200,256,1,1,1,0.0179,133.001,0.0179,1666.504,0.2138,266.003,0.2317,374.209
56,20888,4,2048,51200,256,1,1,1,0.0178,150.146,0.0178,1685.28,0.1904,300.293,0.2082,418.67
56,20944,4,2048,51200,256,1,1,1,0.018,151.234,0.018,1674.897,0.1901,302.467,0.2081,421.203
56,21000,4,2048,51200,256,1,1,1,0.0175,151.219,0.0175,1734.726,0.1911,302.437,0.2086,422.412
56,21056,4,2048,51200,256,1,1,1,0.0181,154.108,0.0181,1684.139,0.1885,308.215,0.2066,428.683
56,21112,4,2048,51200,256,1,1,1,0.018,150.152,0.018,1700.888,0.1945,300.305,0.2125,418.96
56,21168,4,2048,51200,256,1,1,1,0.0182,160.108,0.0182,1695.477,0.1834,320.217,0.2016,444.103
56,21224,4,2048,51200,256,1,1,1,0.0176,156.278,0.0176,1757.806,0.1889,312.555,0.2065,435.762
56,21280,4,2048,51200,256,1,1,1,0.0183,163.923,0.0183,1701.424,0.181,327.846,0.1993,453.829
56,21336,4,2048,51200,256,1,1,1,0.0177,129.16,0.0177,1764.321,0.231,258.319,0.2487,365.627
56,21392,4,2048,51200,256,1,1,1,0.0184,132.042,0.0184,1711.314,0.2271,264.084,0.2455,372.342
56,21448,4,2048,51200,256,1,1,1,0.0178,129.302,0.0178,1774.798,0.2332,258.603,0.251,366.13
56,21504,4,2048,51200,256,1,1,1,0.0184,151.919,0.0184,1721.841,0.1995,303.837,0.2179,423.816
56,21560,4,2048,51200,256,1,1,1,0.0181,148.927,0.0181,1766.0,0.2046,297.854,0.2226,417.017
56,21616,4,2048,51200,256,1,1,1,0.0186,148.815,0.0186,1728.181,0.2058,297.63,0.2243,415.977
56,21672,4,2048,51200,256,1,1,1,0.018,149.466,0.018,1790.462,0.2059,298.932,0.2239,418.844
56,21728,4,2048,51200,256,1,1,1,0.0186,148.831,0.0186,1738.512,0.2079,297.663,0.2265,416.199
56,21784,4,2048,51200,256,1,1,1,0.0181,149.459,0.0181,1798.542,0.2081,298.919,0.2262,418.952
56,21840,4,2048,51200,256,1,1,1,0.0188,141.939,0.0188,1744.305,0.2202,283.878,0.239,398.523
56,21896,4,2048,51200,256,1,1,1,0.0182,145.731,0.0182,1808.833,0.2156,291.462,0.2338,409.475
56,21952,4,2048,51200,256,1,1,1,0.0188,150.207,0.0188,1754.514,0.2103,300.415,0.2291,419.995
56,22008,4,2048,51200,256,1,1,1,0.0182,136.097,0.0182,1821.073,0.2332,272.194,0.2515,384.547
56,22064,4,2048,51200,256,1,1,1,0.0212,135.1,0.0212,1577.959,0.2362,270.199,0.2573,377.728
56,22120,4,2048,51200,256,1,1,1,0.0184,144.35,0.0184,1825.138,0.2221,288.701,0.2405,406.126
56,22176,4,2048,51200,256,1,1,1,0.019,147.537,0.019,1770.22,0.2184,295.074,0.2375,413.38
56,22232,4,2048,51200,256,1,1,1,0.0185,147.945,0.0185,1833.624,0.2189,295.89,0.2374,415.574
56,22288,4,2048,51200,256,1,1,1,0.0192,148.105,0.0192,1776.357,0.2198,296.21,0.239,414.935
56,22344,4,2048,51200,256,1,1,1,0.0186,148.695,0.0186,1835.865,0.22,297.391,0.2387,417.533
56,22400,4,2048,51200,256,1,1,1,0.0192,146.673,0.0192,1786.799,0.2242,293.346,0.2434,411.409
56,22456,4,2048,51200,256,1,1,1,0.0186,144.951,0.0186,1855.232,0.228,289.902,0.2466,408.122
56,22512,4,2048,51200,256,1,1,1,0.0193,151.599,0.0193,1799.479,0.2191,303.199,0.2384,424.321
56,22568,4,2048,51200,256,1,1,1,0.0187,151.899,0.0187,1864.569,0.2197,303.797,0.2385,426.285
56,22624,4,2048,51200,256,1,1,1,0.0194,151.852,0.0194,1808.565,0.2209,303.704,0.2403,425.12
56,22680,4,2048,51200,256,1,1,1,0.0188,154.34,0.0188,1871.224,0.2184,308.68,0.2372,432.689
56,22736,4,2048,51200,256,1,1,1,0.0195,128.234,0.0195,1812.335,0.2642,256.467,0.2837,363.591
56,22792,4,2048,51200,256,1,1,1,0.0189,126.492,0.0189,1878.582,0.2691,252.983,0.2881,359.84
56,22848,4,2048,51200,256,1,1,1,0.0196,110.641,0.0196,1823.382,0.3092,221.283,0.3288,316.798
56,22904,4,2048,51200,256,1,1,1,0.0209,149.5,0.0209,1720.905,0.23,299.0,0.2508,417.31
56,22960,4,2048,51200,256,1,1,1,0.0197,154.166,0.0197,1833.144,0.2241,308.332,0.2438,431.47
56,23016,4,2048,51200,256,1,1,1,0.0191,148.131,0.0191,1899.448,0.2344,296.262,0.2535,417.016
56,23072,4,2048,51200,256,1,1,1,0.0198,148.828,0.0198,1837.279,0.2344,297.656,0.2542,417.748
56,23128,4,2048,51200,256,1,1,1,0.0192,148.558,0.0192,1906.661,0.236,297.116,0.2552,418.223
56,23184,4,2048,51200,256,1,1,1,0.02,148.959,0.02,1842.397,0.2365,297.917,0.2564,418.154
56,23240,4,2048,51200,256,1,1,1,0.0193,156.295,0.0193,1918.328,0.2265,312.59,0.2457,438.473
56,23296,4,2048,51200,256,1,1,1,0.0199,146.986,0.0199,1865.506,0.242,293.973,0.2619,413.415
56,23352,4,2048,51200,256,1,1,1,0.0193,147.07,0.0193,1928.335,0.243,294.14,0.2623,414.648
56,23408,4,2048,51200,256,1,1,1,0.02,149.327,0.02,1870.484,0.2405,298.655,0.2605,419.555
56,23464,4,2048,51200,256,1,1,1,0.0194,138.047,0.0194,1939.077,0.2614,276.095,0.2808,391.107
56,23520,4,2048,51200,256,1,1,1,0.0218,148.591,0.0218,1735.808,0.244,297.183,0.2658,415.157
56,23576,4,2048,51200,256,1,1,1,0.0195,146.285,0.0195,1945.909,0.249,292.57,0.2685,412.826
56,23632,4,2048,51200,256,1,1,1,0.0203,149.098,0.0203,1885.21,0.2455,298.197,0.2657,419.168
56,23688,4,2048,51200,256,1,1,1,0.0196,127.012,0.0196,1954.719,0.2895,254.024,0.3092,361.989
56,23744,4,2048,51200,256,1,1,1,0.0204,132.852,0.0204,1893.765,0.2781,265.705,0.2985,376.719
56,23800,4,2048,51200,256,1,1,1,0.0199,158.514,0.0199,1947.664,0.2342,317.029,0.2541,444.62
56,23856,4,2048,51200,256,1,1,1,0.0205,144.133,0.0205,1899.015,0.2588,288.267,0.2793,406.416
56,23912,4,2048,51200,256,1,1,1,0.0209,143.875,0.0209,1869.504,0.2605,287.751,0.2814,405.263
56,23968,4,2048,51200,256,1,1,1,0.0214,150.211,0.0214,1835.752,0.2506,300.423,0.272,421.121
56,24024,4,2048,51200,256,1,1,1,0.0199,149.116,0.0199,1977.504,0.2537,298.232,0.2736,420.634
56,24080,4,2048,51200,256,1,1,1,0.0206,150.223,0.0206,1918.823,0.253,300.446,0.2736,422.568
56,24136,4,2048,51200,256,1,1,1,0.02,138.198,0.02,1989.088,0.2763,276.396,0.2963,392.062
56,24192,4,2048,51200,256,1,1,1,0.0207,145.517,0.0207,1933.195,0.2636,291.034,0.2843,410.502
56,24248,4,2048,51200,256,1,1,1,0.0201,149.44,0.0201,1998.925,0.2578,298.879,0.2779,421.767
56,24304,4,2048,51200,256,1,1,1,0.0208,148.645,0.0208,1943.546,0.2604,297.29,0.2812,418.817
56,24360,4,2048,51200,256,1,1,1,0.0202,146.388,0.0202,2010.988,0.2657,292.776,0.2858,413.92
56,24416,4,2048,51200,256,1,1,1,0.0208,151.632,0.0208,1953.667,0.2577,303.263,0.2785,426.744
56,24472,4,2048,51200,256,1,1,1,0.0202,146.807,0.0202,2025.08,0.2673,293.614,0.2875,415.204
56,24528,4,2048,51200,256,1,1,1,0.0209,149.688,0.0209,1963.046,0.2634,299.375,0.2843,421.805
56,24584,4,2048,51200,256,1,1,1,0.0203,150.354,0.0203,2031.997,0.2634,300.708,0.2837,424.598
56,24640,4,2048,51200,256,1,1,1,0.021,,,,,,,
