num_attention_heads,hidden_size,train_micro_batch_size_per_gpu,seq_length,vocab_size,train_batch_size,tensor_mp_size,pipeline_mp_size,dp_size,attention_key_value_query_transform,attention_key_query_prob,attention_prob_times_values,attention_linear_projection,mlp_h_to_4h,transformer_layer_norm,logit_block,estimated_attention_duration,estimated_attention_throughput,estimated_mlp_duration,estimated_mlp_throughput,estimated_duration,estimated_throughput
64,64,4,2048,51200,256,1,1,1,4.392,1.005,0.948,1.501,6.272,0.0,44.452,0.0057,0.8,0.0,12.544,0.0058,0.877
64,128,4,2048,51200,256,1,1,1,18.504,2.369,1.924,6.146,23.465,0.0,93.007,0.0053,1.828,0.0,46.929,0.0054,2.185
64,192,4,2048,51200,256,1,1,1,41.788,2.926,2.813,19.017,80.746,0.0,124.368,0.0059,2.61,0.0,161.492,0.006,3.373
64,256,4,2048,51200,256,1,1,1,68.362,4.644,3.822,24.315,84.414,0.0,161.077,0.0055,3.889,0.0001,168.827,0.0056,5.322
64,320,4,2048,51200,256,1,1,1,88.239,4.81,4.662,48.999,107.961,0.0,154.686,0.0064,4.43,0.0001,215.923,0.0065,6.389
64,384,4,2048,51200,256,1,1,1,104.134,6.787,5.695,55.821,116.374,0.0,180.053,0.0061,5.844,0.0001,232.748,0.0062,8.787
64,448,4,2048,51200,256,1,1,1,113.235,6.719,6.484,71.735,141.373,0.0,189.834,0.0067,6.481,0.0001,282.746,0.0069,10.141
64,512,4,2048,51200,256,1,1,1,136.841,8.989,7.519,94.353,148.512,0.0001,212.018,0.0064,8.102,0.0001,297.024,0.0066,13.018
64,576,4,2048,51200,256,1,1,1,166.948,8.531,8.241,90.961,140.171,0.0001,139.028,0.0082,7.327,0.0002,280.341,0.0085,12.162
64,640,4,2048,51200,256,1,1,1,153.077,10.902,9.349,99.273,170.327,0.0001,151.796,0.008,8.721,0.0002,340.654,0.0083,14.878
64,704,4,2048,51200,256,1,1,1,147.962,10.409,9.968,108.327,158.103,0.0001,162.922,0.0085,9.375,0.0002,316.206,0.0089,16.342
64,768,4,2048,51200,256,1,1,1,164.051,13.294,11.147,150.806,180.832,0.0001,174.022,0.0082,11.008,0.0002,361.665,0.0085,19.592
64,832,4,2048,51200,256,1,1,1,181.986,12.2,11.749,125.569,182.22,0.0001,181.326,0.0088,11.512,0.0002,364.441,0.0092,20.895
64,896,4,2048,51200,256,1,1,1,181.076,14.949,12.926,129.564,192.921,0.0001,185.57,0.0087,12.949,0.0003,385.842,0.0091,23.867
64,960,4,2048,51200,256,1,1,1,188.179,14.031,13.421,146.086,204.379,0.0001,196.904,0.0091,13.672,0.0003,408.757,0.0096,25.654
64,1024,4,2048,51200,256,1,1,1,176.409,16.711,14.816,158.019,191.997,0.0001,209.891,0.0089,15.497,0.0004,383.993,0.0094,29.123
64,1088,4,2048,51200,256,1,1,1,203.211,15.031,11.286,152.09,213.925,0.0001,157.406,0.0119,12.681,0.0004,427.85,0.0125,24.491
64,1152,4,2048,51200,256,1,1,1,194.879,18.454,12.978,155.576,190.999,0.0001,172.187,0.0112,14.721,0.0005,381.997,0.0119,28.537
64,1216,4,2048,51200,256,1,1,1,209.861,18.989,12.622,173.64,215.498,0.0001,165.286,0.012,14.828,0.0004,430.996,0.0127,29.235
64,1280,4,2048,51200,256,1,1,1,215.369,19.392,14.134,182.559,211.433,0.0001,192.212,0.0114,17.012,0.0005,422.866,0.0121,33.657
64,1344,4,2048,51200,256,1,1,1,194.772,20.66,13.828,165.817,215.174,0.0001,198.83,0.0117,17.753,0.0006,430.348,0.0125,35.485
64,1408,4,2048,51200,256,1,1,1,217.078,22.381,15.698,187.273,214.14,0.0001,193.41,0.0118,18.938,0.0006,428.279,0.0127,38.133
64,1472,4,2048,51200,256,1,1,1,206.431,22.802,15.092,188.913,222.714,0.0001,179.055,0.013,18.467,0.0006,445.428,0.0139,37.673
64,1536,4,2048,51200,256,1,1,1,184.656,22.991,16.78,176.538,195.423,0.0001,195.714,0.0127,20.222,0.0008,390.846,0.0138,41.138
64,1600,4,2048,51200,256,1,1,1,226.149,24.602,15.278,199.501,226.548,0.0001,186.997,0.0136,20.172,0.0007,453.095,0.0146,41.715
64,1664,4,2048,51200,256,1,1,1,213.774,26.202,18.481,212.227,221.989,0.0001,173.907,0.014,20.895,0.0008,443.977,0.0151,43.458
64,1728,4,2048,51200,256,1,1,1,211.066,26.449,16.502,195.19,210.818,0.0001,220.893,0.0132,23.585,0.0009,421.635,0.0144,48.802
64,1792,4,2048,51200,256,1,1,1,205.521,25.966,19.502,201.615,223.26,0.0001,193.547,0.0142,23.298,0.0009,446.519,0.0154,48.83
64,1856,4,2048,51200,256,1,1,1,225.875,28.153,17.65,188.43,226.261,0.0001,164.527,0.0163,21.554,0.001,452.522,0.0175,45.778
64,1920,4,2048,51200,256,1,1,1,208.326,29.846,21.215,190.41,214.512,0.0001,170.823,0.0158,23.429,0.0011,429.024,0.0172,49.643
64,1984,4,2048,51200,256,1,1,1,217.466,20.213,18.744,199.937,231.701,0.0001,197.196,0.0165,23.708,0.0011,463.402,0.0179,50.736
64,2048,4,2048,51200,256,1,1,1,228.984,32.633,22.531,212.412,234.17,0.0002,198.18,0.015,27.399,0.0012,468.34,0.0166,57.815
64,2112,4,2048,51200,256,1,1,1,221.961,30.093,21.673,193.747,225.546,0.0002,169.734,0.0174,24.906,0.0013,451.093,0.0192,53.038
64,2176,4,2048,51200,256,1,1,1,196.991,32.257,24.744,198.389,208.475,0.0002,171.763,0.0174,26.205,0.0015,416.951,0.0194,55.597
64,2240,4,2048,51200,256,1,1,1,222.859,31.839,22.373,200.508,228.522,0.0002,171.935,0.0182,26.377,0.0014,457.043,0.0201,56.571
64,2304,4,2048,51200,256,1,1,1,204.124,36.31,25.018,194.658,213.138,0.0002,177.994,0.0178,28.227,0.0016,426.276,0.0199,60.195
64,2368,4,2048,51200,256,1,1,1,238.01,33.3,24.336,210.484,222.526,0.0002,163.487,0.0194,27.14,0.0017,445.052,0.0215,58.563
64,2432,4,2048,51200,256,1,1,1,232.112,36.258,27.395,215.268,234.751,0.0002,196.656,0.0173,31.829,0.0017,469.502,0.0194,68.228
64,2496,4,2048,51200,256,1,1,1,237.378,35.091,25.237,218.515,236.564,0.0002,163.148,0.0203,28.369,0.0017,473.128,0.0225,61.838
64,2560,4,2048,51200,256,1,1,1,226.146,39.664,27.725,219.849,215.828,0.0002,167.69,0.02,30.09,0.002,431.655,0.0225,65.034
64,2624,4,2048,51200,256,1,1,1,234.292,36.747,25.894,209.497,232.167,0.0003,166.861,0.021,29.915,0.0019,464.334,0.0234,65.335
64,2688,4,2048,51200,256,1,1,1,223.123,39.898,30.247,202.567,215.495,0.0002,180.974,0.0199,32.896,0.0022,430.99,0.0226,70.957
64,2752,4,2048,51200,256,1,1,1,217.896,38.435,27.082,195.027,230.297,0.0002,210.307,0.0191,35.592,0.0022,460.595,0.0218,76.814
64,2816,4,2048,51200,256,1,1,1,238.21,42.419,30.229,223.204,233.817,0.0002,172.976,0.0212,33.384,0.0022,467.634,0.0239,73.017
64,2880,4,2048,51200,256,1,1,1,218.706,39.958,28.301,203.876,209.057,0.0003,168.175,0.0227,32.419,0.0026,418.114,0.0258,70.603
64,2944,4,2048,51200,256,1,1,1,237.388,43.665,32.984,217.688,230.075,0.0002,146.174,0.0246,31.122,0.0025,460.15,0.0276,68.995
64,3008,4,2048,51200,256,1,1,1,228.432,41.489,29.153,227.927,224.973,0.0003,149.273,0.0254,31.298,0.0026,449.945,0.0285,69.403
64,3072,4,2048,51200,256,1,1,1,221.686,45.095,32.947,224.867,195.78,0.0002,149.432,0.0254,32.415,0.0032,391.559,0.0291,70.864
64,3136,4,2048,51200,256,1,1,1,228.581,36.647,28.788,214.198,229.862,0.0003,145.678,0.0275,31.144,0.0028,459.723,0.0308,69.684
64,3200,4,2048,51200,256,1,1,1,215.446,44.777,35.492,200.186,226.462,0.0002,151.508,0.0263,33.663,0.003,452.924,0.0298,74.825
64,3264,4,2048,51200,256,1,1,1,220.667,38.165,30.204,217.448,217.937,0.0003,177.462,0.0251,36.543,0.0032,435.874,0.0288,80.28
64,3328,4,2048,51200,256,1,1,1,228.703,47.644,35.722,227.899,222.462,0.0003,169.85,0.0251,37.842,0.0033,444.924,0.0288,83.23
64,3392,4,2048,51200,256,1,1,1,237.194,39.084,31.174,216.239,223.935,0.0003,166.798,0.0269,36.523,0.0034,447.871,0.0308,80.925
64,3456,4,2048,51200,256,1,1,1,212.527,48.172,37.822,212.116,209.061,0.0003,150.786,0.0284,35.748,0.0037,418.122,0.0326,79.051
64,3520,4,2048,51200,256,1,1,1,227.583,39.673,32.364,229.872,217.266,0.0003,151.177,0.0297,35.273,0.0037,434.531,0.034,78.644
64,3584,4,2048,51200,256,1,1,1,215.293,50.326,38.573,213.096,207.712,0.0003,156.227,0.0287,37.749,0.0041,415.423,0.0332,83.215
64,3648,4,2048,51200,256,1,1,1,140.601,40.473,32.101,231.776,220.707,0.0003,147.789,0.0331,33.708,0.004,441.415,0.0376,76.068
64,3712,4,2048,51200,256,1,1,1,224.867,51.643,41.491,240.164,228.885,0.0003,183.613,0.0263,43.766,0.0039,457.771,0.0308,96.088
64,3776,4,2048,51200,256,1,1,1,223.298,42.323,32.973,240.138,217.729,0.0003,176.19,0.0289,41.065,0.0043,435.458,0.0337,90.571
64,3840,4,2048,51200,256,1,1,1,202.528,52.722,41.187,181.223,187.205,0.0003,186.146,0.0278,44.049,0.0052,374.41,0.0335,94.324
64,3904,4,2048,51200,256,1,1,1,228.078,43.676,33.972,231.627,226.197,0.0003,148.047,0.0333,37.819,0.0044,452.393,0.0383,85.117
64,3968,4,2048,51200,256,1,1,1,225.128,53.994,42.47,234.737,215.058,0.0003,149.928,0.0323,40.142,0.0048,430.116,0.0377,89.274
64,4032,4,2048,51200,256,1,1,1,202.295,44.891,35.185,195.355,127.345,0.0003,151.053,0.0346,38.653,0.0084,254.69,0.0435,79.767
64,4096,4,2048,51200,256,1,1,1,225.152,60.469,44.672,235.083,235.441,0.0004,152.826,0.0327,42.076,0.0047,470.883,0.0382,93.494
64,4160,4,2048,51200,256,1,1,1,200.709,43.221,41.433,216.069,211.97,0.0005,147.102,0.0359,39.399,0.0054,423.939,0.0422,87.178
64,4224,4,2048,51200,256,1,1,1,217.833,54.443,46.948,237.016,218.764,0.0005,182.587,0.0303,47.965,0.0053,437.529,0.0366,103.578
64,4288,4,2048,51200,256,1,1,1,221.979,44.67,42.641,236.699,203.186,0.0005,173.322,0.0327,45.661,0.0059,406.372,0.0396,98.467
64,4352,4,2048,51200,256,1,1,1,183.07,59.381,51.597,174.646,176.085,0.0005,181.783,0.0322,47.568,0.007,352.17,0.0403,99.738
64,4416,4,2048,51200,256,1,1,1,213.436,45.14,44.076,225.245,215.367,0.0005,149.459,0.0373,42.164,0.0059,430.734,0.0443,93.253
64,4480,4,2048,51200,256,1,1,1,214.95,58.108,49.812,225.686,209.179,0.0005,150.341,0.0366,44.094,0.0063,418.358,0.0439,96.678
64,4544,4,2048,51200,256,1,1,1,219.89,44.987,45.123,232.423,203.027,0.0005,157.016,0.0371,44.675,0.0067,406.054,0.0448,97.417
64,4608,4,2048,51200,256,1,1,1,124.612,60.979,54.831,216.426,186.634,0.0005,153.051,0.0406,41.897,0.0075,373.267,0.049,91.449
64,4672,4,2048,51200,256,1,1,1,207.669,45.832,46.498,231.286,167.026,0.0005,183.476,0.0349,50.022,0.0086,334.052,0.0445,103.574
64,4736,4,2048,51200,256,1,1,1,231.094,60.71,52.937,222.915,182.38,0.0005,177.071,0.0345,51.857,0.0081,364.76,0.0435,108.584
64,4800,4,2048,51200,256,1,1,1,209.263,46.278,47.974,232.168,205.21,0.0005,177.265,0.0366,50.07,0.0074,410.419,0.045,107.878
64,4864,4,2048,51200,256,1,1,1,225.494,63.285,56.58,246.453,192.971,0.0005,161.316,0.0375,50.069,0.008,385.942,0.0465,106.996
64,4928,4,2048,51200,256,1,1,1,196.2,48.685,48.23,231.406,206.986,0.0005,175.602,0.0382,50.361,0.0077,413.971,0.0469,108.872
64,4992,4,2048,51200,256,1,1,1,223.487,63.591,55.627,229.057,188.759,0.0005,150.628,0.0407,48.347,0.0087,377.519,0.0504,103.906
64,5056,4,2048,51200,256,1,1,1,209.196,49.531,49.779,239.702,139.542,0.0005,151.189,0.0426,47.247,0.012,279.084,0.0557,96.359
64,5120,4,2048,51200,256,1,1,1,200.203,67.033,59.438,229.07,221.772,0.0005,152.738,0.0419,49.221,0.0077,443.544,0.0506,108.584
64,5184,4,2048,51200,256,1,1,1,215.606,47.553,48.879,205.265,199.082,0.0005,180.145,0.0396,53.223,0.0088,398.164,0.0495,113.715
64,5248,4,2048,51200,256,1,1,1,204.381,63.858,56.778,222.558,198.398,0.0005,172.758,0.04,53.938,0.0091,396.796,0.0501,115.081
64,5312,4,2048,51200,256,1,1,1,219.067,50.145,50.313,229.049,201.233,0.0005,179.949,0.0402,54.856,0.0092,402.466,0.0504,117.044
64,5376,4,2048,51200,256,1,1,1,195.687,67.209,60.886,234.788,177.972,0.0005,156.496,0.0437,51.552,0.0106,355.945,0.0554,109.077
64,5440,4,2048,51200,256,1,1,1,198.417,51.57,51.87,227.021,191.021,0.0005,149.426,0.0471,48.965,0.0102,382.042,0.0583,106.109
64,5504,4,2048,51200,256,1,1,1,192.554,66.843,59.962,228.609,182.553,0.0005,152.572,0.046,51.18,0.0109,365.107,0.0579,109.212
64,5568,4,2048,51200,256,1,1,1,145.628,51.677,52.897,229.957,222.835,0.0005,162.602,0.0485,49.55,0.0091,445.669,0.0587,110.166
64,5632,4,2048,51200,256,1,1,1,196.053,69.928,63.931,230.818,182.837,0.0005,128.58,0.0526,46.701,0.0114,365.673,0.065,101.754
64,5696,4,2048,51200,256,1,1,1,210.911,52.08,54.005,231.504,180.579,0.0005,177.496,0.044,57.03,0.0118,361.157,0.0568,118.976
64,5760,4,2048,51200,256,1,1,1,178.805,68.416,63.859,201.847,167.537,0.0005,180.585,0.0444,57.65,0.013,335.075,0.0584,118.224
64,5824,4,2048,51200,256,1,1,1,204.613,53.442,55.007,220.941,173.044,0.0005,158.063,0.0488,53.581,0.0128,346.089,0.0627,112.616
64,5888,4,2048,51200,256,1,1,1,181.25,72.845,65.287,232.592,172.08,0.0005,181.622,0.0448,59.566,0.0132,344.161,0.059,122.174
64,5952,4,2048,51200,256,1,1,1,194.186,55.023,55.107,230.613,182.463,0.0005,149.697,0.0521,52.238,0.0127,364.925,0.0659,111.764
64,6016,4,2048,51200,256,1,1,1,183.796,71.864,65.584,223.487,139.688,0.0005,151.451,0.0515,53.853,0.017,279.375,0.0696,108.066
64,6080,4,2048,51200,256,1,1,1,191.913,54.792,55.844,232.96,141.075,0.0005,149.921,0.0535,52.945,0.0172,282.15,0.0717,107.043
64,6144,4,2048,51200,256,1,1,1,190.272,80.197,72.116,221.612,188.492,0.0005,151.995,0.0519,55.632,0.0131,376.983,0.066,118.61
64,6208,4,2048,51200,256,1,1,1,206.333,50.61,56.806,232.129,170.301,0.0005,179.565,0.0487,60.436,0.0148,340.601,0.0646,123.745
64,6272,4,2048,51200,256,1,1,1,158.568,72.791,66.687,224.914,189.302,0.0005,171.901,0.0517,57.992,0.0136,378.604,0.0664,122.797
64,6336,4,2048,51200,256,1,1,1,181.194,53.202,59.588,202.385,154.709,0.0006,157.103,0.0555,55.031,0.017,309.418,0.0736,112.95
64,6400,4,2048,51200,256,1,1,1,183.998,78.6,68.902,239.942,157.349,0.0005,190.734,0.0477,65.232,0.0171,314.699,0.0659,128.746
64,6464,4,2048,51200,256,1,1,1,183.884,53.812,60.739,227.205,159.933,0.0006,157.092,0.0563,56.342,0.0171,319.866,0.0745,116.052
64,6528,4,2048,51200,256,1,1,1,176.687,71.69,72.556,210.708,153.372,0.0005,148.607,0.0581,55.616,0.0182,306.745,0.0774,113.911
64,6592,4,2048,51200,256,1,1,1,150.245,53.132,63.083,235.685,190.769,0.0006,148.827,0.0621,53.015,0.0149,381.538,0.0781,115.051
64,6656,4,2048,51200,256,1,1,1,149.7,78.452,72.276,238.949,205.998,0.0006,170.068,0.0564,59.45,0.0141,411.995,0.0716,127.927
64,6720,4,2048,51200,256,1,1,1,200.381,53.71,63.202,213.383,182.348,0.0006,173.887,0.0547,62.316,0.0162,364.697,0.0721,129.427
64,6784,4,2048,51200,256,1,1,1,214.018,76.953,73.464,213.043,157.976,0.0006,178.282,0.0521,66.648,0.0191,315.952,0.0723,131.474
64,6848,4,2048,51200,256,1,1,1,174.596,56.029,62.999,228.446,159.975,0.0006,170.293,0.058,60.863,0.0192,319.949,0.0784,123.454
64,6912,4,2048,51200,256,1,1,1,168.337,81.264,74.047,211.154,162.195,0.0006,153.033,0.0615,58.424,0.0193,324.389,0.082,120.259
64,6976,4,2048,51200,256,1,1,1,177.91,56.396,64.765,223.049,173.162,0.0006,163.479,0.0606,60.373,0.0184,346.324,0.0801,125.232
64,7040,4,2048,51200,256,1,1,1,183.214,78.253,75.513,224.672,151.965,0.0006,153.688,0.0615,60.513,0.0214,303.931,0.084,121.647
64,7104,4,2048,51200,256,1,1,1,168.12,55.286,64.54,225.56,139.715,0.0006,152.61,0.0655,57.796,0.0237,279.429,0.0903,115.175
64,7168,4,2048,51200,256,1,1,1,175.455,85.831,78.782,222.016,164.56,0.0006,153.707,0.0632,60.929,0.0205,329.12,0.0848,124.87
64,7232,4,2048,51200,256,1,1,1,172.572,52.99,66.283,158.678,189.52,0.0006,164.967,0.0653,59.912,0.0181,379.041,0.0846,127.353
64,7296,4,2048,51200,256,1,1,1,169.026,77.005,76.698,192.803,162.811,0.0006,155.933,0.0656,60.621,0.0214,325.621,0.0882,124.228
64,7360,4,2048,51200,256,1,1,1,163.519,54.058,63.195,207.073,209.151,0.0006,164.805,0.0665,60.805,0.017,418.302,0.0846,131.666
64,7424,4,2048,51200,256,1,1,1,194.241,84.721,78.257,214.058,156.808,0.0006,156.423,0.0641,64.121,0.023,313.616,0.0883,128.391
64,7488,4,2048,51200,256,1,1,1,153.493,57.138,66.53,192.751,153.839,0.0006,150.124,0.0727,57.428,0.0239,307.677,0.0978,117.875
64,7552,4,2048,51200,256,1,1,1,158.58,81.579,80.829,222.236,156.178,0.0006,152.527,0.0697,60.934,0.0239,312.355,0.0947,123.706
64,7616,4,2048,51200,256,1,1,1,153.466,55.918,67.964,196.57,154.307,0.0006,182.183,0.0668,64.548,0.0246,308.613,0.0926,128.658
64,7680,4,2048,51200,256,1,1,1,126.344,85.922,80.828,170.838,127.562,0.0006,154.083,0.0766,57.19,0.0303,255.124,0.1081,112.079
64,7744,4,2048,51200,256,1,1,1,160.368,57.1,67.858,190.536,174.758,0.0006,148.172,0.0758,58.737,0.0225,349.516,0.0994,123.816
64,7808,4,2048,51200,256,1,1,1,138.573,81.468,82.949,219.361,163.025,0.0006,149.525,0.0764,59.188,0.0245,326.049,0.102,122.617
64,7872,4,2048,51200,256,1,1,1,136.372,59.489,68.513,223.243,162.051,0.0006,150.576,0.079,58.07,0.0251,324.101,0.1053,120.769
64,7936,4,2048,51200,256,1,1,1,163.541,87.643,83.823,201.363,161.514,0.0006,149.568,0.0748,62.319,0.0256,323.028,0.1015,127.252
64,8000,4,2048,51200,256,1,1,1,161.652,59.55,70.721,214.394,155.26,0.0006,129.253,0.0846,55.941,0.027,310.52,0.1128,116.358
64,8064,4,2048,51200,256,1,1,1,146.859,84.04,87.161,201.583,147.245,0.0006,176.305,0.0717,66.946,0.0289,294.491,0.1019,130.838
64,8128,4,2048,51200,256,1,1,1,179.183,59.178,68.366,222.716,156.665,0.0006,173.477,0.0709,68.776,0.0276,313.329,0.0997,135.753
64,8192,4,2048,51200,256,1,1,1,160.165,96.622,90.404,227.529,156.777,0.0006,169.881,0.0718,68.946,0.0281,313.554,0.101,136.12
64,8256,4,2048,51200,256,1,1,1,176.249,57.196,54.349,187.034,156.739,0.0006,150.506,0.0809,62.038,0.0285,313.479,0.1107,126.063
64,8320,4,2048,51200,256,1,1,1,150.956,85.868,69.597,190.33,150.828,0.0006,160.568,0.0792,64.308,0.0301,301.655,0.1106,128.14
64,8384,4,2048,51200,256,1,1,1,155.88,60.41,55.023,227.567,160.164,0.0006,151.509,0.0834,61.971,0.0288,320.328,0.1135,126.763
64,8448,4,2048,51200,256,1,1,1,156.408,92.982,93.143,208.563,159.568,0.0006,172.653,0.0752,69.762,0.0293,319.137,0.1058,138.016
64,8512,4,2048,51200,256,1,1,1,186.785,60.9,56.779,209.789,135.094,0.0007,149.488,0.0822,64.707,0.0351,270.189,0.1187,124.86
64,8576,4,2048,51200,256,1,1,1,168.201,86.64,73.497,198.649,138.048,0.0007,150.018,0.0827,65.203,0.0349,276.095,0.119,126.375
64,8640,4,2048,51200,256,1,1,1,156.573,59.942,56.288,129.057,156.406,0.0007,153.755,0.09,60.776,0.0313,312.812,0.1226,124.406
64,8704,4,2048,51200,256,1,1,1,113.945,97.415,94.05,112.494,143.554,0.0007,160.766,0.0952,58.268,0.0346,287.107,0.1311,118.033
64,8768,4,2048,51200,256,1,1,1,148.141,60.88,56.983,195.231,148.355,0.0007,152.584,0.0902,62.409,0.034,296.709,0.1254,125.18
64,8832,4,2048,51200,256,1,1,1,157.558,90.072,73.327,142.287,156.393,0.0007,168.885,0.0845,67.499,0.0327,312.787,0.1185,134.381
64,8896,4,2048,51200,256,1,1,1,188.468,60.436,56.355,197.243,156.365,0.0007,151.644,0.0867,66.738,0.0332,312.729,0.1212,133.334
64,8960,4,2048,51200,256,1,1,1,158.833,94.646,96.881,219.421,154.277,0.0007,169.416,0.0815,71.949,0.0341,308.554,0.1169,140.138
64,9024,4,2048,51200,256,1,1,1,136.609,62.506,59.769,210.794,163.455,0.0007,153.212,0.0949,62.586,0.0326,326.91,0.1289,128.879
64,9088,4,2048,51200,256,1,1,1,138.81,90.23,77.271,196.41,181.08,0.0007,151.606,0.0937,64.244,0.0299,362.159,0.125,134.799
64,9152,4,2048,51200,256,1,1,1,195.771,59.902,60.671,220.975,161.108,0.0007,152.48,0.0878,69.533,0.0341,322.217,0.1232,138.652
64,9216,4,2048,51200,256,1,1,1,148.884,100.24,101.206,179.949,158.689,0.0007,165.852,0.0885,69.863,0.0351,317.378,0.1249,138.602
64,9280,4,2048,51200,256,1,1,1,162.674,57.008,59.749,205.065,156.888,0.0007,166.581,0.0903,69.393,0.036,313.776,0.1276,137.528
64,9344,4,2048,51200,256,1,1,1,188.194,90.118,77.848,196.598,156.221,0.0007,153.615,0.0886,71.65,0.0366,312.442,0.1266,140.542
64,9408,4,2048,51200,256,1,1,1,155.081,61.039,60.416,165.372,154.537,0.0007,150.496,0.0997,64.54,0.0375,309.074,0.1386,130.143
64,9472,4,2048,51200,256,1,1,1,156.504,99.229,100.416,158.866,159.992,0.0007,151.587,0.0962,67.718,0.0368,319.984,0.1343,136.047
64,9536,4,2048,51200,256,1,1,1,156.216,57.441,60.878,164.438,158.297,0.0007,172.324,0.0949,69.527,0.0376,316.594,0.1339,138.258
64,9600,4,2048,51200,256,1,1,1,154.077,91.094,82.203,206.268,133.189,0.0007,149.6,0.098,68.201,0.0453,266.378,0.1447,129.642
64,9664,4,2048,51200,256,1,1,1,163.826,59.232,61.062,192.982,137.806,0.0007,150.224,0.1007,67.222,0.0444,275.613,0.1465,129.774
64,9728,4,2048,51200,256,1,1,1,183.164,103.727,104.898,193.826,184.809,0.0007,151.86,0.0934,73.4,0.0336,369.619,0.1283,150.083
64,9792,4,2048,51200,256,1,1,1,154.067,59.643,59.78,192.11,167.312,0.0007,168.528,0.0985,70.457,0.0376,334.624,0.1374,141.944
64,9856,4,2048,51200,256,1,1,1,150.146,98.713,78.881,135.037,154.107,0.0007,155.931,0.1042,67.475,0.0413,308.214,0.1468,134.581
64,9920,4,2048,51200,256,1,1,1,155.554,62.403,58.937,141.545,153.538,0.0007,176.651,0.1006,70.743,0.042,307.075,0.144,139.012
64,9984,4,2048,51200,256,1,1,1,153.111,103.707,103.61,142.588,157.325,0.0007,153.185,0.1046,68.865,0.0415,314.65,0.1475,137.414
64,10048,4,2048,51200,256,1,1,1,160.015,63.27,58.979,139.388,180.134,0.0007,163.804,0.1054,69.186,0.0367,360.269,0.1435,143.023
64,10112,4,2048,51200,256,1,1,1,179.439,96.566,79.672,180.594,155.57,0.0007,152.2,0.1008,73.219,0.0431,311.141,0.1453,143.066
64,10176,4,2048,51200,256,1,1,1,159.663,61.999,60.669,179.482,162.921,0.0007,152.236,0.1085,68.816,0.0417,325.843,0.1516,138.814
64,10240,4,2048,51200,256,1,1,1,154.48,108.612,113.127,161.574,154.193,0.0007,152.89,0.1064,71.058,0.0446,308.386,0.1523,139.839
64,10304,4,2048,51200,256,1,1,1,154.602,59.831,64.015,136.991,154.855,0.0007,172.156,0.1078,70.934,0.0449,309.71,0.1542,139.873
64,10368,4,2048,51200,256,1,1,1,151.635,91.763,81.558,171.401,157.911,0.0007,151.454,0.1106,69.986,0.0446,315.822,0.1566,139.38
64,10432,4,2048,51200,256,1,1,1,156.597,47.016,67.735,174.712,177.851,0.0007,151.892,0.1146,68.349,0.0401,355.701,0.1561,141.545
64,10496,4,2048,51200,256,1,1,1,139.146,110.268,111.401,185.52,163.591,0.0007,151.892,0.113,70.147,0.0441,327.181,0.1585,141.088
64,10560,4,2048,51200,256,1,1,1,138.265,63.715,65.648,180.041,181.057,0.0007,154.661,0.118,67.925,0.0404,362.114,0.1598,141.626
64,10624,4,2048,51200,256,1,1,1,183.119,96.782,84.909,176.654,161.324,0.0007,151.74,0.1074,75.527,0.0459,322.648,0.1546,148.104
64,10688,4,2048,51200,256,1,1,1,156.834,61.664,66.21,176.425,153.617,0.0007,133.689,0.1247,65.784,0.0487,307.234,0.1749,132.546
64,10752,4,2048,51200,256,1,1,1,149.798,105.956,114.675,173.907,151.572,0.0007,134.065,0.1227,67.654,0.05,303.144,0.1741,134.731
64,10816,4,2048,51200,256,1,1,1,142.671,61.993,66.781,175.223,169.445,0.0007,165.468,0.1174,71.51,0.0452,338.891,0.164,144.644
64,10880,4,2048,51200,256,1,1,1,154.53,96.504,87.296,172.576,154.681,0.0007,162.7,0.113,75.147,0.0502,309.361,0.1645,145.9
64,10944,4,2048,51200,256,1,1,1,174.194,65.323,66.671,146.484,152.265,0.0007,151.674,0.1188,72.224,0.0516,304.529,0.1718,141.321
64,11008,4,2048,51200,256,1,1,1,156.935,106.976,112.587,165.305,156.105,0.0007,166.14,0.1123,77.31,0.0509,312.21,0.1646,149.259
64,11072,4,2048,51200,256,1,1,1,155.918,65.026,66.961,142.99,155.806,0.0007,151.252,0.1254,70.015,0.0516,311.612,0.1783,139.312
64,11136,4,2048,51200,256,1,1,1,155.705,98.016,84.814,162.918,156.079,0.0007,169.273,0.115,77.154,0.0521,312.157,0.1685,149.124
64,11200,4,2048,51200,256,1,1,1,154.605,63.659,67.174,178.737,134.969,0.0007,154.232,0.1238,72.48,0.0609,269.937,0.1861,136.533
64,11264,4,2048,51200,256,1,1,1,161.615,113.139,119.504,185.016,138.488,0.0007,169.879,0.1119,81.029,0.06,276.977,0.1734,148.199
64,11328,4,2048,51200,256,1,1,1,190.885,60.826,68.501,178.141,171.236,0.0007,152.233,0.1191,77.017,0.0491,342.473,0.1696,153.226
64,11392,4,2048,51200,256,1,1,1,160.993,100.179,94.536,192.804,182.352,0.0007,162.362,0.1174,78.98,0.0466,364.703,0.1654,158.841
64,11456,4,2048,51200,256,1,1,1,156.37,63.731,69.302,137.122,160.563,0.0007,156.346,0.13,72.087,0.0536,321.126,0.185,143.639
64,11520,4,2048,51200,256,1,1,1,136.232,105.443,123.82,121.225,156.432,0.0007,167.139,0.1304,72.613,0.0556,312.865,0.1875,143.304
64,11584,4,2048,51200,256,1,1,1,173.536,65.043,68.921,179.835,155.804,0.0007,151.221,0.1261,75.9,0.0564,311.608,0.184,147.606
64,11648,4,2048,51200,256,1,1,1,153.98,101.92,91.352,169.383,156.386,0.0007,152.236,0.1287,75.145,0.0569,312.771,0.187,146.79
64,11712,4,2048,51200,256,1,1,1,156.829,64.151,70.147,162.977,155.688,0.0007,153.117,0.1327,73.681,0.0577,311.376,0.1919,144.652
64,11776,4,2048,51200,256,1,1,1,156.772,113.652,121.814,184.486,156.716,0.0007,173.718,0.1194,82.749,0.058,313.432,0.1788,156.884
64,11840,4,2048,51200,256,1,1,1,159.066,45.405,68.492,163.141,158.462,0.0007,151.124,0.1377,72.506,0.058,316.925,0.1971,143.861
64,11904,4,2048,51200,256,1,1,1,157.794,98.491,89.056,157.307,165.048,0.0007,172.753,0.1252,80.528,0.0563,330.096,0.183,156.628
64,11968,4,2048,51200,256,1,1,1,135.846,47.471,69.421,174.249,160.663,0.0007,151.282,0.1459,69.843,0.0584,321.327,0.2058,140.744
64,12032,4,2048,51200,256,1,1,1,137.418,111.754,121.775,179.533,178.48,0.0007,151.983,0.1383,74.423,0.0532,356.961,0.1929,151.699
64,12096,4,2048,51200,256,1,1,1,170.232,65.308,71.24,151.824,152.798,0.0007,149.401,0.1379,75.441,0.0628,305.595,0.2021,146.377
64,12160,4,2048,51200,256,1,1,1,157.637,99.611,92.675,198.567,158.507,0.0007,150.894,0.1344,78.17,0.0611,317.014,0.197,151.705
64,12224,4,2048,51200,256,1,1,1,160.447,64.414,71.329,202.969,156.594,0.0007,151.315,0.1377,77.061,0.0625,313.187,0.2017,149.706
64,12288,4,2048,51200,256,1,1,1,157.87,121.754,133.191,172.811,169.607,0.0007,168.83,0.1289,83.19,0.0583,339.214,0.1887,161.715
64,12352,4,2048,51200,256,1,1,1,156.529,61.698,70.808,158.685,156.977,0.0008,165.659,0.1388,78.021,0.0637,313.953,0.204,151.109
64,12416,4,2048,51200,256,1,1,1,173.273,105.199,99.815,182.777,170.288,0.0007,167.789,0.1278,85.601,0.0593,340.576,0.1886,165.138
64,12480,4,2048,51200,256,1,1,1,153.036,66.136,73.736,156.598,153.939,0.0008,165.565,0.1416,78.021,0.0663,307.877,0.2094,150.232
64,12544,4,2048,51200,256,1,1,1,153.704,118.419,131.553,140.503,155.198,0.0008,153.093,0.1442,77.375,0.0664,310.396,0.2121,149.818
64,12608,4,2048,51200,256,1,1,1,155.611,66.087,73.624,162.93,158.361,0.0008,166.45,0.1419,79.388,0.0658,316.721,0.2092,153.43
64,12672,4,2048,51200,256,1,1,1,163.286,105.765,96.691,146.802,152.77,0.0008,151.034,0.1451,78.411,0.0689,305.541,0.2155,150.471
64,12736,4,2048,51200,256,1,1,1,159.153,63.275,74.806,163.967,158.394,0.0008,166.159,0.1431,80.277,0.0671,316.788,0.2117,154.656
64,12800,4,2048,51200,256,1,1,1,179.969,115.449,131.034,158.929,179.064,0.0008,150.889,0.1398,82.952,0.06,358.129,0.2013,164.302
64,12864,4,2048,51200,256,1,1,1,157.953,62.844,76.096,158.842,179.172,0.0008,156.571,0.15,78.042,0.0605,358.344,0.2121,157.459
64,12928,4,2048,51200,256,1,1,1,156.99,103.853,101.31,167.645,161.88,0.0008,153.827,0.1476,80.076,0.0677,323.76,0.2168,155.552
64,12992,4,2048,51200,256,1,1,1,160.624,64.67,76.163,169.342,156.821,0.0008,164.793,0.1466,81.414,0.0705,313.642,0.2187,155.74
64,13056,4,2048,51200,256,1,1,1,131.114,113.656,131.811,121.075,157.934,0.0008,153.539,0.1655,72.803,0.0707,315.868,0.2378,144.644
64,13120,4,2048,51200,256,1,1,1,156.748,67.653,70.506,135.582,161.155,0.0008,167.087,0.1534,79.28,0.07,322.311,0.225,154.348
64,13184,4,2048,51200,256,1,1,1,180.0,115.17,95.343,135.314,156.895,0.0008,152.805,0.1494,82.187,0.0726,313.791,0.2235,156.848
64,13248,4,2048,51200,256,1,1,1,155.355,65.38,67.238,130.538,167.125,0.0008,152.477,0.1639,75.625,0.0688,334.25,0.2342,151.106
64,13312,4,2048,51200,256,1,1,1,156.789,120.627,136.994,170.329,156.372,0.0008,154.093,0.152,82.265,0.0743,312.745,0.2278,156.835
64,13376,4,2048,51200,256,1,1,1,156.333,62.868,76.972,184.132,156.75,0.0008,145.988,0.162,77.919,0.0748,313.5,0.2384,151.332
64,13440,4,2048,51200,256,1,1,1,150.685,105.751,101.939,146.952,151.351,0.0008,155.287,0.1604,79.45,0.0782,302.701,0.2401,151.649
64,13504,4,2048,51200,256,1,1,1,155.43,45.865,77.966,143.224,156.543,0.0008,172.375,0.1599,80.39,0.0763,313.085,0.2379,154.543
64,13568,4,2048,51200,256,1,1,1,136.726,124.966,133.55,183.714,158.428,0.0008,154.81,0.1632,79.519,0.0762,316.857,0.2409,154.036
64,13632,4,2048,51200,256,1,1,1,136.775,47.291,78.339,161.664,166.362,0.0008,152.34,0.1762,74.314,0.0732,332.724,0.251,149.219
64,13696,4,2048,51200,256,1,1,1,172.699,111.531,99.837,173.053,156.267,0.0008,152.495,0.1552,85.126,0.0787,312.534,0.2355,160.537
64,13760,4,2048,51200,256,1,1,1,176.551,64.198,81.006,155.955,156.65,0.0008,149.596,0.1627,81.965,0.0792,313.3,0.2435,156.698
64,13824,4,2048,51200,256,1,1,1,155.725,114.266,138.779,151.811,152.589,0.0008,152.666,0.1643,81.871,0.0821,305.179,0.248,155.271
64,13888,4,2048,51200,256,1,1,1,154.343,49.429,79.871,161.776,150.533,0.0008,129.705,0.186,72.954,0.084,301.066,0.2716,143.051
64,13952,4,2048,51200,256,1,1,1,156.556,107.963,101.039,160.856,156.294,0.0008,130.148,0.1798,76.143,0.0816,312.589,0.263,149.056
64,14016,4,2048,51200,256,1,1,1,140.519,67.397,79.86,164.419,171.769,0.0008,162.888,0.1733,79.699,0.075,343.539,0.2499,158.328
64,14080,4,2048,51200,256,1,1,1,156.816,124.338,137.358,156.386,156.927,0.0008,170.212,0.1595,87.36,0.0828,313.854,0.2439,163.671
64,14144,4,2048,51200,256,1,1,1,176.946,68.026,85.469,159.004,159.177,0.0008,163.953,0.1611,87.284,0.0824,318.353,0.245,164.381
64,14208,4,2048,51200,256,1,1,1,155.081,114.344,110.202,156.441,156.813,0.0008,166.908,0.165,85.945,0.0844,313.625,0.251,161.934
64,14272,4,2048,51200,256,1,1,1,174.643,62.345,81.683,158.906,155.218,0.0008,154.679,0.1693,84.519,0.086,310.436,0.2569,159.624
64,14336,4,2048,51200,256,1,1,1,134.162,128.688,155.595,151.104,134.661,0.0008,146.986,0.1862,77.492,0.1,269.321,0.2878,143.723
64,14400,4,2048,51200,256,1,1,1,171.404,59.259,79.344,147.062,132.93,0.0008,150.879,0.1769,82.297,0.1022,265.861,0.2807,148.675
64,14464,4,2048,51200,256,1,1,1,161.574,109.362,103.608,161.671,141.408,0.0008,168.86,0.1658,88.537,0.097,282.817,0.2644,159.247
64,14528,4,2048,51200,256,1,1,1,170.284,67.589,79.784,155.883,167.962,0.0008,151.071,0.1771,83.609,0.0824,335.924,0.2611,162.694
64,14592,4,2048,51200,256,1,1,1,160.188,118.066,143.005,156.092,167.663,0.0008,167.26,0.1684,88.659,0.0832,335.327,0.2533,169.137
64,14656,4,2048,51200,256,1,1,1,151.938,50.001,85.788,142.401,156.577,0.0008,152.84,0.1902,79.18,0.0899,313.155,0.2817,153.39
64,14720,4,2048,51200,256,1,1,1,155.655,111.622,112.665,141.21,155.47,0.0008,165.337,0.1771,85.782,0.0913,310.94,0.27,161.441
64,14784,4,2048,51200,256,1,1,1,171.3,61.254,58.966,175.048,158.895,0.0008,153.52,0.1805,84.87,0.0901,317.79,0.2722,161.494
64,14848,4,2048,51200,256,1,1,1,155.883,123.058,144.464,142.436,157.478,0.0008,152.622,0.184,83.947,0.0917,314.956,0.2773,159.883
64,14912,4,2048,51200,256,1,1,1,156.944,66.058,60.711,156.782,156.315,0.0008,152.242,0.1909,81.598,0.0932,312.63,0.2857,156.52
64,14976,4,2048,51200,256,1,1,1,153.775,120.262,104.956,184.837,167.555,0.0008,150.559,0.184,85.356,0.0877,335.11,0.2733,165.015
64,15040,4,2048,51200,256,1,1,1,156.22,49.274,84.498,161.207,157.476,0.0008,152.938,0.1929,82.096,0.0941,314.953,0.2886,157.588
64,15104,4,2048,51200,256,1,1,1,155.961,123.626,149.338,153.235,164.67,0.0008,143.944,0.1918,83.233,0.0908,329.34,0.2842,161.381
64,15168,4,2048,51200,256,1,1,1,155.869,49.27,85.334,159.873,157.203,0.0008,151.061,0.1967,81.849,0.0959,314.407,0.2942,157.215
64,15232,4,2048,51200,256,1,1,1,151.086,110.5,122.573,130.873,168.592,0.0008,167.803,0.1895,85.648,0.0902,337.184,0.2813,165.811
64,15296,4,2048,51200,256,1,1,1,167.683,68.024,83.383,157.271,159.079,0.0008,155.633,0.1891,86.513,0.0964,318.158,0.2871,163.787
64,15360,4,2048,51200,256,1,1,1,139.311,125.383,155.461,145.995,138.538,0.0008,172.123,0.192,85.898,0.1116,277.076,0.3052,155.351
64,15424,4,2048,51200,256,1,1,1,156.229,65.491,84.659,159.643,155.792,0.0008,161.461,0.1934,85.962,0.1001,311.584,0.2951,161.996
64,15488,4,2048,51200,256,1,1,1,162.7,117.216,112.575,151.86,150.119,0.0008,168.556,0.1845,90.851,0.1047,300.237,0.2908,165.738
64,15552,4,2048,51200,256,1,1,1,155.998,69.086,82.987,153.756,156.949,0.0008,163.927,0.1954,86.459,0.101,313.897,0.298,163.051
64,15616,4,2048,51200,256,1,1,1,167.212,125.171,151.399,158.958,162.687,0.0008,152.372,0.1904,89.424,0.0982,325.374,0.2903,168.771
64,15680,4,2048,51200,256,1,1,1,153.694,68.486,86.852,157.29,159.033,0.0008,170.692,0.195,88.009,0.1013,318.066,0.298,165.744
64,15744,4,2048,51200,256,1,1,1,154.847,118.98,112.072,139.033,155.468,0.0008,151.243,0.2044,84.657,0.1045,310.935,0.3105,160.36
64,15808,4,2048,51200,256,1,1,1,155.495,51.053,93.476,161.091,156.667,0.0008,143.908,0.2126,82.015,0.1045,313.333,0.3188,157.442
64,15872,4,2048,51200,256,1,1,1,166.341,122.831,147.774,153.297,158.402,0.0008,151.749,0.197,89.193,0.1042,316.803,0.3029,167.034
64,15936,4,2048,51200,256,1,1,1,155.061,51.345,84.601,160.975,155.487,0.0008,161.785,0.2057,86.105,0.107,310.974,0.3144,162.212
64,16000,4,2048,51200,256,1,1,1,173.486,118.817,111.26,188.957,169.849,0.0008,151.974,0.1924,92.787,0.0988,339.699,0.2928,175.57
64,16064,4,2048,51200,256,1,1,1,154.937,69.88,83.245,159.719,164.557,0.0008,154.912,0.2095,85.865,0.1028,329.114,0.3139,165.051
64,16128,4,2048,51200,256,1,1,1,160.416,121.244,145.026,149.812,160.592,0.0008,152.822,0.2049,88.491,0.1061,321.185,0.3126,167.041
64,16192,4,2048,51200,256,1,1,1,157.938,52.294,87.371,155.145,167.636,0.0008,153.026,0.2147,85.11,0.1025,335.272,0.3188,165.106
64,16256,4,2048,51200,256,1,1,1,138.524,116.4,118.795,136.545,156.703,0.0008,152.02,0.2245,82.018,0.1105,313.407,0.3366,157.592
64,16320,4,2048,51200,256,1,1,1,155.157,50.401,88.799,158.524,155.781,0.0008,170.938,0.209,88.748,0.112,311.561,0.3227,165.663
64,16384,4,2048,51200,256,1,1,1,152.005,136.262,170.199,137.07,156.881,0.0008,152.388,0.2163,86.399,0.1121,313.762,0.3301,163.218
64,16448,4,2048,51200,256,1,1,1,155.617,50.164,35.522,171.43,154.999,0.0009,161.79,0.2231,84.409,0.1144,309.999,0.3392,160.048
64,16512,4,2048,51200,256,1,1,1,143.312,118.634,50.71,137.67,155.908,0.0009,152.844,0.2322,81.732,0.1146,311.816,0.3485,156.99
64,16576,4,2048,51200,256,1,1,1,156.979,52.397,35.653,134.388,154.265,0.0009,154.519,0.2357,81.105,0.1167,308.529,0.3542,155.651
64,16640,4,2048,51200,256,1,1,1,162.932,135.051,98.129,123.829,152.356,0.0009,152.204,0.2217,86.888,0.1191,304.712,0.3425,162.183
64,16704,4,2048,51200,256,1,1,1,156.258,70.422,28.323,130.67,166.41,0.0009,150.341,0.2437,79.633,0.1099,332.82,0.3554,157.531
64,16768,4,2048,51200,256,1,1,1,155.139,116.215,78.295,160.261,155.352,0.0009,151.915,0.2224,87.895,0.1186,310.705,0.3428,164.533
64,16832,4,2048,51200,256,1,1,1,154.992,48.135,35.729,159.022,157.46,0.0009,143.904,0.2447,80.496,0.1179,314.92,0.3644,155.963
64,16896,4,2048,51200,256,1,1,1,156.987,123.401,126.242,160.884,156.039,0.0009,152.245,0.2206,89.935,0.1199,312.078,0.3423,167.284
64,16960,4,2048,51200,256,1,1,1,155.161,47.669,35.707,139.824,170.213,0.0009,164.925,0.239,83.649,0.1107,340.425,0.3515,164.13
64,17024,4,2048,51200,256,1,1,1,133.358,120.735,62.591,156.658,155.642,0.0009,151.914,0.245,82.19,0.122,311.284,0.3688,157.594
64,17088,4,2048,51200,256,1,1,1,136.903,71.75,29.493,150.887,161.108,0.0009,156.863,0.2554,79.431,0.1188,322.216,0.3759,155.764
64,17152,4,2048,51200,256,1,1,1,169.343,131.473,103.207,160.716,155.836,0.0009,152.4,0.2197,92.977,0.1237,311.672,0.3453,170.86
64,17216,4,2048,51200,256,1,1,1,135.628,70.21,29.522,178.983,156.261,0.0009,151.211,0.2578,79.813,0.1243,312.521,0.3839,154.786
64,17280,4,2048,51200,256,1,1,1,151.45,121.793,87.182,149.913,150.38,0.0009,150.067,0.2375,87.261,0.1301,300.76,0.3695,162.03
64,17344,4,2048,51200,256,1,1,1,156.091,50.077,36.451,183.584,151.097,0.0009,151.051,0.2455,85.051,0.1305,302.193,0.3778,159.642
64,17408,4,2048,51200,256,1,1,1,109.759,136.325,112.359,112.086,140.608,0.0009,163.287,0.2789,75.393,0.1412,281.216,0.422,143.966
64,17472,4,2048,51200,256,1,1,1,165.774,66.957,35.798,170.115,157.959,0.0009,152.302,0.2413,87.777,0.1267,315.917,0.3698,165.491
64,17536,4,2048,51200,256,1,1,1,151.924,108.523,81.323,153.031,152.235,0.0009,154.355,0.2404,88.737,0.1324,304.471,0.3746,164.549
64,17600,4,2048,51200,256,1,1,1,159.078,68.979,35.617,151.833,156.15,0.0009,152.718,0.251,85.6,0.13,312.299,0.3828,162.185
64,17664,4,2048,51200,256,1,1,1,155.372,131.046,108.131,158.712,154.995,0.0009,150.617,0.2393,90.404,0.1319,309.991,0.3731,167.618
64,17728,4,2048,51200,256,1,1,1,156.702,70.521,30.101,139.559,165.784,0.0009,151.0,0.2622,83.105,0.1242,331.567,0.3882,162.224
64,17792,4,2048,51200,256,1,1,1,159.333,111.314,60.298,158.929,159.83,0.0009,164.528,0.2363,92.861,0.1298,319.661,0.3679,172.416
64,17856,4,2048,51200,256,1,1,1,162.003,68.485,30.135,178.536,165.317,0.0009,152.414,0.2529,87.36,0.1264,330.634,0.3811,167.614
64,17920,4,2048,51200,256,1,1,1,152.884,131.081,107.347,151.604,157.643,0.0009,155.138,0.245,90.796,0.1335,315.285,0.3804,169.148
64,17984,4,2048,51200,256,1,1,1,141.008,56.911,34.989,134.79,156.416,0.0009,154.008,0.2779,80.627,0.1355,312.831,0.4152,156.052
64,18048,4,2048,51200,256,1,1,1,155.647,111.323,77.107,157.172,154.649,0.0009,164.164,0.2423,93.087,0.138,309.299,0.3822,170.721
64,18112,4,2048,51200,256,1,1,1,150.521,52.77,35.074,135.276,155.494,0.0009,152.596,0.2753,82.518,0.1383,310.988,0.4154,158.199
64,18176,4,2048,51200,256,1,1,1,168.705,143.535,103.839,155.411,155.789,0.0009,153.889,0.2403,95.183,0.139,311.578,0.3811,173.636
64,18240,4,2048,51200,256,1,1,1,157.619,53.77,35.413,155.587,155.375,0.0009,150.551,0.2691,85.579,0.1403,310.75,0.4113,162.03
64,18304,4,2048,51200,256,1,1,1,154.809,104.455,75.764,178.088,151.385,0.0009,150.884,0.2529,91.661,0.145,302.77,0.3998,167.822
64,18368,4,2048,51200,256,1,1,1,153.06,48.574,35.685,157.532,155.997,0.0009,150.763,0.2756,84.702,0.1417,311.993,0.4192,161.179
64,18432,4,2048,51200,256,1,1,1,139.751,139.873,125.831,137.285,126.384,0.0009,163.607,0.2639,89.064,0.1762,252.768,0.4419,153.953
64,18496,4,2048,51200,256,1,1,1,166.496,62.258,30.878,154.261,156.145,0.0009,151.482,0.2698,87.692,0.1436,312.289,0.4153,164.958
64,18560,4,2048,51200,256,1,1,1,164.702,111.785,60.695,174.599,158.967,0.0009,150.473,0.2544,93.626,0.142,317.933,0.3983,173.164
64,18624,4,2048,51200,256,1,1,1,169.686,53.173,31.205,154.737,159.234,0.0009,150.607,0.2727,87.937,0.1428,318.468,0.4173,166.396
64,18688,4,2048,51200,256,1,1,1,170.184,131.456,117.233,156.64,155.05,0.0009,130.623,0.2675,90.241,0.1476,310.1,0.417,167.661
64,18752,4,2048,51200,256,1,1,1,155.103,53.731,37.503,158.337,154.445,0.0009,150.68,0.2807,86.58,0.1492,308.891,0.4318,163.034
64,18816,4,2048,51200,256,1,1,1,147.567,107.45,85.525,155.24,148.382,0.0009,129.881,0.2901,84.341,0.1564,296.764,0.4483,158.079
64,18880,4,2048,51200,256,1,1,1,158.252,65.331,37.889,161.807,157.988,0.0009,151.485,0.2778,88.661,0.1479,315.975,0.4275,166.894
64,18944,4,2048,51200,256,1,1,1,154.486,129.135,113.958,158.197,160.26,0.0009,165.283,0.258,96.089,0.1468,320.52,0.4066,176.646
64,19008,4,2048,51200,256,1,1,1,151.519,62.864,38.238,155.527,153.408,0.0009,131.461,0.3034,82.252,0.1543,306.817,0.4596,157.333
64,19072,4,2048,51200,256,1,1,1,150.109,130.948,94.554,175.093,155.751,0.0009,163.324,0.2628,95.596,0.1531,311.501,0.4177,174.279
64,19136,4,2048,51200,256,1,1,1,154.964,66.541,37.987,156.673,155.012,0.0009,131.995,0.3026,83.549,0.1548,310.025,0.4593,159.549
64,19200,4,2048,51200,256,1,1,1,152.873,133.214,127.715,150.883,154.864,0.0009,151.689,0.2746,92.667,0.156,309.727,0.4325,170.556
64,19264,4,2048,51200,256,1,1,1,154.156,71.319,38.526,156.273,155.285,0.0009,151.191,0.29,88.335,0.1566,310.569,0.4485,165.578
64,19328,4,2048,51200,256,1,1,1,156.294,118.652,84.034,157.803,155.611,0.0009,151.721,0.2763,93.297,0.1573,311.221,0.4355,171.614
64,19392,4,2048,51200,256,1,1,1,154.344,68.533,38.734,154.593,155.765,0.0009,150.443,0.294,88.243,0.1582,311.53,0.4541,165.666
64,19456,4,2048,51200,256,1,1,1,162.596,140.344,124.422,144.732,154.437,0.0009,151.391,0.275,94.963,0.1606,308.873,0.4375,173.089
64,19520,4,2048,51200,256,1,1,1,154.701,66.935,38.846,153.891,158.807,0.0009,151.751,0.2962,88.734,0.1572,317.615,0.4553,167.409
64,19584,4,2048,51200,256,1,1,1,153.223,115.627,63.824,171.362,152.62,0.0009,152.871,0.2831,93.413,0.1647,305.24,0.4497,170.591
64,19648,4,2048,51200,256,1,1,1,155.28,71.211,32.986,176.005,160.653,0.0009,151.39,0.2962,89.851,0.1575,321.306,0.4556,169.476
64,19712,4,2048,51200,256,1,1,1,156.798,132.234,117.737,155.132,156.215,0.0009,152.0,0.2822,94.908,0.163,312.431,0.4472,173.803
64,19776,4,2048,51200,256,1,1,1,155.136,49.122,39.237,159.89,154.954,0.001,142.83,0.3106,86.805,0.1654,309.908,0.4779,163.683
64,19840,4,2048,51200,256,1,1,1,154.126,82.184,86.027,155.046,158.009,0.001,151.504,0.2928,92.646,0.1633,316.018,0.458,171.889
64,19904,4,2048,51200,256,1,1,1,154.159,48.66,39.481,138.876,160.722,0.001,133.575,0.3287,83.054,0.1615,321.444,0.4921,160.981
64,19968,4,2048,51200,256,1,1,1,169.221,137.201,116.13,155.661,155.386,0.001,150.724,0.2796,98.262,0.1682,310.772,0.4496,177.326
64,20032,4,2048,51200,256,1,1,1,154.47,52.151,38.959,153.728,154.197,0.001,162.821,0.3038,90.989,0.1706,308.393,0.4763,168.476
64,20096,4,2048,51200,256,1,1,1,149.438,107.467,91.222,156.275,155.357,0.001,152.38,0.2995,92.883,0.1704,310.715,0.4718,171.167
64,20160,4,2048,51200,256,1,1,1,151.09,54.259,39.206,152.978,157.565,0.001,164.911,0.308,90.867,0.169,315.13,0.479,169.652
64,20224,4,2048,51200,256,1,1,1,167.749,133.466,70.826,185.242,154.575,0.001,151.757,0.2825,99.697,0.1734,309.149,0.4578,178.621
64,20288,4,2048,51200,256,1,1,1,155.276,71.912,31.791,134.123,158.53,0.001,150.288,0.3247,87.271,0.1702,317.059,0.4968,165.644
64,20352,4,2048,51200,256,1,1,1,157.521,118.044,55.838,175.93,154.25,0.001,151.288,0.2987,95.456,0.176,308.5,0.4766,173.74
64,20416,4,2048,51200,256,1,1,1,155.05,69.792,31.884,183.03,158.687,0.001,150.045,0.3149,91.101,0.1721,317.374,0.4889,170.406
64,20480,4,2048,51200,256,1,1,1,154.348,138.018,137.586,156.526,153.071,0.001,152.02,0.3005,96.062,0.1796,306.141,0.4819,173.96
64,20544,4,2048,51200,256,1,1,1,155.268,47.746,38.82,154.59,155.79,0.001,143.771,0.3304,87.889,0.1775,311.58,0.5099,165.436
64,20608,4,2048,51200,256,1,1,1,152.971,72.683,84.339,155.193,156.249,0.001,150.309,0.314,93.037,0.1781,312.497,0.4941,171.782
64,20672,4,2048,51200,256,1,1,1,153.509,49.934,41.535,154.069,155.736,0.001,166.853,0.3168,92.783,0.1798,311.472,0.4986,171.283
64,20736,4,2048,51200,256,1,1,1,154.547,141.9,110.228,154.698,152.84,0.001,168.836,0.2965,99.722,0.1844,305.68,0.4829,177.944
64,20800,4,2048,51200,256,1,1,1,161.114,74.438,41.573,154.899,156.996,0.001,150.959,0.3195,93.113,0.1806,313.993,0.5021,172.187
64,20864,4,2048,51200,256,1,1,1,155.484,111.681,87.545,155.393,155.397,0.001,162.083,0.3058,97.884,0.1836,310.794,0.4913,177.035
64,20928,4,2048,51200,256,1,1,1,156.773,57.357,42.221,136.873,153.737,0.001,151.496,0.3345,90.008,0.1867,307.474,0.5232,167.259
64,20992,4,2048,51200,256,1,1,1,154.91,148.152,127.043,155.577,155.717,0.001,148.699,0.3149,96.168,0.1855,311.434,0.5024,175.245
64,21056,4,2048,51200,256,1,1,1,159.338,70.122,42.621,147.89,153.142,0.001,151.664,0.329,92.611,0.1897,306.285,0.5208,170.099
64,21120,4,2048,51200,256,1,1,1,155.558,111.586,86.885,153.203,152.106,0.001,132.123,0.3372,90.884,0.1922,304.212,0.5315,167.68
64,21184,4,2048,51200,256,1,1,1,159.263,72.725,34.155,136.081,158.539,0.001,151.419,0.3405,90.555,0.1855,317.078,0.528,169.791
64,21248,4,2048,51200,256,1,1,1,154.446,131.662,114.452,155.035,159.176,0.001,160.191,0.3143,98.675,0.1859,318.352,0.5022,179.579
64,21312,4,2048,51200,256,1,1,1,153.974,72.811,43.046,154.232,153.751,0.001,167.515,0.3264,95.579,0.1936,307.503,0.522,173.798
64,21376,4,2048,51200,256,1,1,1,155.212,114.085,97.933,153.953,154.504,0.001,166.191,0.3148,99.671,0.1938,309.009,0.5107,178.717
64,21440,4,2048,51200,256,1,1,1,161.934,70.526,35.191,154.313,155.275,0.001,152.556,0.3369,93.699,0.194,310.55,0.5329,172.283
64,21504,4,2048,51200,256,1,1,1,156.109,140.45,140.367,151.92,146.255,0.001,151.384,0.3249,97.716,0.2072,292.509,0.5342,172.906
64,21568,4,2048,51200,256,1,1,1,159.324,50.487,43.908,148.353,155.384,0.001,152.4,0.3444,92.717,0.1962,310.768,0.5427,171.197
64,21632,4,2048,51200,256,1,1,1,153.827,112.166,90.082,154.775,155.409,0.001,151.524,0.3333,96.354,0.1973,310.818,0.5327,175.424
64,21696,4,2048,51200,256,1,1,1,158.909,71.886,35.374,135.175,154.05,0.001,152.67,0.3526,91.627,0.2003,308.1,0.5549,169.407
64,21760,4,2048,51200,256,1,1,1,148.746,133.646,124.186,124.221,155.867,0.001,152.923,0.3496,92.933,0.1991,311.733,0.5508,171.672
64,21824,4,2048,51200,256,1,1,1,153.652,73.261,34.342,166.622,154.259,0.001,154.212,0.3492,93.574,0.2023,308.518,0.5537,171.779
64,21888,4,2048,51200,256,1,1,1,152.329,108.072,96.828,129.414,161.891,0.001,154.394,0.3485,94.296,0.1939,323.782,0.5446,175.667
64,21952,4,2048,51200,256,1,1,1,157.717,49.308,44.195,156.751,154.393,0.001,154.0,0.3517,93.977,0.2046,308.786,0.5584,172.322
64,22016,4,2048,51200,256,1,1,1,155.362,152.068,80.394,155.726,158.91,0.001,153.945,0.3384,98.248,0.1999,317.821,0.5403,179.101
64,22080,4,2048,51200,256,1,1,1,154.779,49.215,43.393,156.904,154.748,0.001,148.158,0.3629,92.132,0.2065,309.497,0.5714,170.338
64,22144,4,2048,51200,256,1,1,1,153.455,74.233,59.391,154.47,155.671,0.001,129.044,0.3755,89.53,0.2064,311.343,0.5841,167.609
64,22208,4,2048,51200,256,1,1,1,162.945,71.106,35.485,154.725,154.228,0.001,151.24,0.3557,95.071,0.2096,308.457,0.5673,173.547
64,22272,4,2048,51200,256,1,1,1,167.749,137.974,119.819,149.677,156.07,0.001,154.404,0.3323,102.328,0.2083,312.141,0.5427,182.465
64,22336,4,2048,51200,256,1,1,1,165.186,73.535,36.173,154.623,154.364,0.001,151.951,0.3555,96.179,0.2118,308.727,0.5694,174.885
64,22400,4,2048,51200,256,1,1,1,156.927,115.371,62.061,177.885,153.411,0.001,150.89,0.3465,99.231,0.2143,306.822,0.563,177.901
64,22464,4,2048,51200,256,1,1,1,153.239,49.807,44.571,153.478,152.095,0.0011,152.34,0.3715,93.086,0.2174,304.191,0.591,170.422
64,22528,4,2048,51200,256,1,1,1,155.522,144.243,121.832,154.862,149.043,0.001,152.005,0.3499,99.389,0.2232,298.086,0.5751,176.128
64,22592,4,2048,51200,256,1,1,1,153.529,50.565,45.259,153.37,153.84,0.0011,150.114,0.3759,93.014,0.2174,307.68,0.5955,171.068
64,22656,4,2048,51200,256,1,1,1,153.005,76.009,94.936,154.051,161.88,0.0011,167.947,0.3507,100.268,0.2078,323.761,0.5606,182.741
64,22720,4,2048,51200,256,1,1,1,153.688,71.788,45.379,153.476,153.852,0.0011,130.523,0.3936,89.815,0.2199,307.703,0.6156,167.331
64,22784,4,2048,51200,256,1,1,1,148.232,153.668,144.931,170.581,147.935,0.0011,159.153,0.3523,100.898,0.23,295.87,0.5844,177.256
64,22848,4,2048,51200,256,1,1,1,153.224,72.18,45.826,154.427,154.531,0.0011,151.388,0.3768,94.865,0.2214,309.061,0.6003,173.526
64,22912,4,2048,51200,256,1,1,1,142.764,127.706,91.125,180.375,158.765,0.0011,151.845,0.3695,97.282,0.2167,317.529,0.5883,178.064
64,22976,4,2048,51200,256,1,1,1,154.321,68.446,37.134,152.584,154.518,0.0011,169.674,0.3704,97.555,0.2239,309.037,0.5965,176.595
64,23040,4,2048,51200,256,1,1,1,133.897,133.515,128.606,103.112,126.148,0.0011,152.22,0.418,86.93,0.2758,252.296,0.6959,152.2
64,23104,4,2048,51200,256,1,1,1,154.115,69.814,37.132,153.595,162.179,0.0011,167.117,0.3751,97.386,0.2157,324.359,0.593,179.605
64,23168,4,2048,51200,256,1,1,1,154.134,76.17,63.962,153.352,154.703,0.0011,150.947,0.3796,96.757,0.2274,309.406,0.6091,175.801
64,23232,4,2048,51200,256,1,1,1,154.253,54.645,37.349,152.571,154.217,0.0011,143.645,0.4007,92.154,0.2294,308.434,0.6322,170.308
64,23296,4,2048,51200,256,1,1,1,155.093,128.024,128.31,155.354,153.957,0.0011,151.953,0.37,100.343,0.231,307.913,0.6032,179.493
64,23360,4,2048,51200,256,1,1,1,153.844,55.117,37.21,152.774,154.368,0.0011,151.947,0.3971,94.002,0.2317,308.737,0.6309,172.535
64,23424,4,2048,51200,256,1,1,1,144.223,128.035,91.15,132.765,153.884,0.0011,151.583,0.3991,94.039,0.2337,307.768,0.6349,172.389
64,23488,4,2048,51200,256,1,1,1,153.052,51.529,37.661,153.103,152.306,0.0011,151.045,0.4029,93.655,0.2374,304.612,0.6424,171.304
64,23552,4,2048,51200,256,1,1,1,147.484,139.78,139.891,156.708,153.903,0.0011,152.602,0.3836,98.88,0.2362,307.805,0.622,177.888
64,23616,4,2048,51200,256,1,1,1,153.371,51.276,38.268,152.135,159.598,0.0011,167.933,0.3929,97.055,0.229,319.197,0.6241,178.244
64,23680,4,2048,51200,256,1,1,1,164.819,111.802,62.9,170.233,153.916,0.0011,151.67,0.3719,103.086,0.2388,307.833,0.6128,182.5
64,23744,4,2048,51200,256,1,1,1,153.096,53.132,47.498,148.861,156.76,0.0011,159.028,0.4001,96.336,0.2357,313.521,0.6379,176.26
64,23808,4,2048,51200,256,1,1,1,147.99,145.725,96.652,141.269,153.224,0.0011,151.775,0.3993,97.025,0.2424,306.449,0.6439,175.553
64,23872,4,2048,51200,256,1,1,1,154.064,55.803,47.891,145.604,154.128,0.0011,156.115,0.4053,96.103,0.2423,308.257,0.6497,174.905
64,23936,4,2048,51200,256,1,1,1,162.352,90.116,76.537,153.419,151.399,0.0011,151.719,0.3864,101.333,0.248,302.799,0.6365,179.487
64,24000,4,2048,51200,256,1,1,1,167.402,71.16,38.266,173.713,153.887,0.0011,160.304,0.3814,103.197,0.2453,307.773,0.6289,182.645
64,24064,4,2048,51200,256,1,1,1,156.341,139.7,120.337,153.692,153.816,0.0011,152.682,0.3885,101.844,0.2467,307.631,0.6374,181.165
64,24128,4,2048,51200,256,1,1,1,156.834,63.829,38.169,170.021,154.751,0.0011,131.769,0.426,93.35,0.2465,309.502,0.6747,172.034
64,24192,4,2048,51200,256,1,1,1,151.87,85.943,94.651,151.598,153.238,0.0011,151.882,0.4043,98.883,0.2503,306.475,0.6567,177.68
64,24256,4,2048,51200,256,1,1,1,154.486,51.729,47.605,147.054,154.474,0.0011,143.917,0.427,94.122,0.2496,308.949,0.6787,172.831
64,24320,4,2048,51200,256,1,1,1,153.963,139.074,132.7,154.264,154.668,0.0011,151.997,0.3979,101.524,0.2506,309.337,0.6506,181.235
64,24384,4,2048,51200,256,1,1,1,153.778,52.796,47.727,134.034,158.763,0.0011,162.266,0.4214,96.347,0.2454,317.526,0.669,177.181
64,24448,4,2048,51200,256,1,1,1,154.073,115.454,97.533,154.123,154.431,0.0011,139.119,0.4172,97.835,0.2536,308.863,0.6729,177.064
64,24512,4,2048,51200,256,1,1,1,145.275,71.723,48.478,147.067,146.256,0.0011,154.505,0.4317,95.014,0.2692,292.512,0.7031,170.35
64,24576,4,2048,51200,256,1,1,1,153.837,149.633,154.331,155.869,155.19,0.0011,150.489,0.4043,101.981,0.2551,310.381,0.6615,182.009
64,24640,4,2048,51200,256,1,1,1,133.263,69.172,49.175,165.71,155.476,0.0011,153.171,0.4477,92.574,0.2559,310.952,0.7058,171.47
64,24704,4,2048,51200,256,1,1,1,154.14,123.193,79.818,152.639,153.963,0.0011,163.017,0.4044,103.014,0.2598,307.926,0.6663,182.564
64,24768,4,2048,51200,256,1,1,1,155.445,72.44,49.088,152.327,155.145,0.0011,152.185,0.4249,98.534,0.2591,310.29,0.6862,178.177
64,24832,4,2048,51200,256,1,1,1,153.279,146.223,147.865,154.459,153.927,0.0011,170.369,0.3967,106.058,0.2625,307.854,0.6615,185.789
64,24896,4,2048,51200,256,1,1,1,161.139,53.048,49.476,134.439,154.139,0.0011,152.7,0.434,97.445,0.2635,308.278,0.6998,176.531
64,24960,4,2048,51200,256,1,1,1,150.41,121.772,99.7,149.351,151.274,0.0011,144.687,0.4319,98.406,0.2699,302.548,0.7041,176.349
64,25024,4,2048,51200,256,1,1,1,157.743,70.802,49.461,147.787,154.754,0.0011,154.028,0.4297,99.422,0.2652,309.507,0.6971,179.018
64,25088,4,2048,51200,256,1,1,1,156.832,145.933,140.739,153.91,153.604,0.0011,132.151,0.4353,98.636,0.2685,307.208,0.7061,177.649
64,25152,4,2048,51200,256,1,1,1,159.525,70.57,39.008,133.41,157.6,0.0011,152.866,0.4442,97.129,0.2631,315.201,0.7096,177.669
64,25216,4,2048,51200,256,1,1,1,153.874,130.411,80.431,153.433,153.807,0.0011,152.596,0.4266,101.64,0.2709,307.613,0.6998,181.049
64,25280,4,2048,51200,256,1,1,1,146.101,52.849,50.034,132.666,153.338,0.0011,152.043,0.4664,93.436,0.2731,306.677,0.7418,171.664
64,25344,4,2048,51200,256,1,1,1,151.708,152.328,108.705,152.247,152.231,0.0011,155.027,0.4278,102.381,0.2765,304.462,0.7066,181.136
64,25408,4,2048,51200,256,1,1,1,154.391,73.381,39.328,173.106,153.323,0.0011,153.588,0.4387,100.327,0.2759,306.646,0.7169,179.419
64,25472,4,2048,51200,256,1,1,1,154.466,95.27,80.703,154.611,158.816,0.0011,160.493,0.4279,103.364,0.2677,317.631,0.6979,185.224
64,25536,4,2048,51200,256,1,1,1,152.898,52.008,40.976,164.482,153.194,0.0011,152.498,0.4524,98.244,0.279,306.389,0.7337,177.076
64,25600,4,2048,51200,256,1,1,1,154.115,144.005,158.171,132.977,158.278,0.0011,153.336,0.4412,101.239,0.2714,316.556,0.7148,182.653
64,25664,4,2048,51200,256,1,1,1,153.69,50.652,50.909,153.3,154.881,0.0012,151.818,0.4568,98.273,0.2787,309.761,0.7378,177.859
64,25728,4,2048,51200,256,1,1,1,154.281,79.638,69.052,152.442,153.687,0.0011,157.223,0.4426,101.904,0.2823,307.373,0.7272,181.339
64,25792,4,2048,51200,256,1,1,1,154.013,53.23,40.716,154.031,153.887,0.0011,152.201,0.4627,97.957,0.2833,307.775,0.7483,177.088
64,25856,4,2048,51200,256,1,1,1,153.478,115.719,92.465,164.46,154.072,0.0011,153.02,0.4393,103.678,0.2844,308.144,0.726,183.438
64,25920,4,2048,51200,256,1,1,1,153.731,75.986,51.384,151.854,,,,,,,,,
