num_attention_heads,hidden_size,train_micro_batch_size_per_gpu,seq_length,vocab_size,train_batch_size,tensor_mp_size,pipeline_mp_size,dp_size,attention_qkv_transform,attention_score,attention_over_value,attention_linear_projection,mlp_h_to_4h,transformer_layer_norm,logit_block,estimated_attention_duration,estimated_attention_throughput,estimated_mlp_duration,estimated_mlp_throughput,estimated_duration,estimated_throughput
40,40,4,2048,51200,256,1,1,1,1.005,0.998,0.943,0.496,2.061,0.0,28.022,0.0041,0.681,0.0001,4.122,0.0042,0.71
40,80,4,2048,51200,256,1,1,1,6.383,2.352,1.897,2.058,8.154,0.0,60.185,0.0038,1.535,0.0001,16.308,0.0039,1.699
40,120,4,2048,51200,256,1,1,1,15.124,2.924,2.748,4.843,24.323,0.0,87.055,0.0041,2.198,0.0,48.645,0.0042,2.572
40,160,4,2048,51200,256,1,1,1,27.402,4.622,3.749,9.134,33.989,0.0,104.838,0.004,3.131,0.0,67.979,0.0041,3.833
40,200,4,2048,51200,256,1,1,1,37.809,4.81,4.545,13.277,50.724,0.0,127.564,0.0043,3.741,0.0001,101.449,0.0044,4.814
40,240,4,2048,51200,256,1,1,1,51.967,6.752,5.6,19.181,70.322,0.0,153.142,0.004,4.91,0.0001,140.644,0.0042,6.562
40,280,4,2048,51200,256,1,1,1,60.666,6.682,6.299,26.452,71.203,0.0,131.713,0.0048,4.992,0.0001,142.406,0.005,6.899
40,320,4,2048,51200,256,1,1,1,103.819,8.978,7.419,28.689,121.048,0.0,150.462,0.0045,6.216,0.0001,242.095,0.0047,8.883
40,360,4,2048,51200,256,1,1,1,75.048,8.518,8.034,42.535,91.288,0.0001,162.255,0.0049,6.64,0.0001,182.577,0.0051,9.665
40,400,4,2048,51200,256,1,1,1,93.091,10.933,9.183,52.597,111.932,0.0,176.105,0.0047,7.894,0.0001,223.863,0.0049,11.854
40,440,4,2048,51200,256,1,1,1,91.781,10.389,9.736,87.72,118.268,0.0,188.408,0.005,8.382,0.0001,236.536,0.0052,12.89
40,480,4,2048,51200,256,1,1,1,115.557,13.122,11.004,76.476,129.365,0.0,200.11,0.0049,9.754,0.0001,258.73,0.0051,15.301
40,520,4,2048,51200,256,1,1,1,108.301,12.176,11.468,58.231,108.213,0.0001,120.173,0.0068,7.757,0.0002,216.426,0.0071,12.414
40,560,4,2048,51200,256,1,1,1,125.114,15.005,12.732,70.192,123.629,0.0001,134.464,0.0064,9.058,0.0002,247.258,0.0067,14.744
40,600,4,2048,51200,256,1,1,1,113.836,13.993,13.12,68.905,140.101,0.0001,142.829,0.0067,9.477,0.0002,280.201,0.0071,15.743
40,640,4,2048,51200,256,1,1,1,159.277,16.611,14.635,90.688,161.786,0.0001,149.823,0.0065,10.665,0.0002,323.572,0.0069,18.022
40,680,4,2048,51200,256,1,1,1,125.098,15.01,11.121,82.276,131.027,0.0001,164.426,0.0073,10.381,0.0002,262.053,0.0077,17.746
40,720,4,2048,51200,256,1,1,1,130.268,18.398,12.871,98.578,147.507,0.0001,163.333,0.0072,11.478,0.0002,295.014,0.0076,19.872
40,760,4,2048,51200,256,1,1,1,120.83,18.969,12.374,98.087,146.13,0.0001,172.176,0.0074,11.944,0.0003,292.261,0.0079,20.932
40,800,4,2048,51200,256,1,1,1,165.009,19.216,13.938,111.836,166.758,0.0001,167.354,0.0076,12.554,0.0003,333.517,0.008,22.375
40,840,4,2048,51200,256,1,1,1,139.71,20.831,13.582,118.74,146.373,0.0001,174.673,0.0078,13.142,0.0003,292.746,0.0083,23.57
40,880,4,2048,51200,256,1,1,1,146.217,22.501,15.529,120.332,162.747,0.0001,174.726,0.0078,14.07,0.0003,325.494,0.0083,25.506
40,920,4,2048,51200,256,1,1,1,131.42,22.649,14.793,116.104,158.087,0.0001,199.012,0.0078,15.097,0.0004,316.175,0.0083,27.599
40,960,4,2048,51200,256,1,1,1,179.471,22.901,16.616,137.769,205.547,0.0001,196.739,0.0078,16.002,0.0003,411.094,0.0083,29.767
40,1000,4,2048,51200,256,1,1,1,160.209,24.531,15.117,125.567,147.923,0.0001,192.022,0.0084,15.804,0.0004,295.847,0.009,29.325
40,1040,4,2048,51200,256,1,1,1,158.752,26.076,18.246,140.375,178.602,0.0001,141.405,0.0099,14.236,0.0004,357.205,0.0105,26.83
40,1080,4,2048,51200,256,1,1,1,129.17,26.336,16.196,117.79,169.357,0.0001,146.817,0.0104,14.332,0.0005,338.715,0.0111,27.208
40,1120,4,2048,51200,256,1,1,1,190.016,25.929,19.196,170.472,190.086,0.0001,156.709,0.0098,15.981,0.0004,380.172,0.0105,30.55
40,1160,4,2048,51200,256,1,1,1,150.562,27.993,17.411,126.995,150.302,0.0001,156.885,0.0104,15.901,0.0006,300.604,0.0113,30.35
40,1200,4,2048,51200,256,1,1,1,177.337,29.643,20.911,155.462,179.989,0.0001,160.347,0.0101,17.295,0.0005,359.978,0.0109,33.386
40,1240,4,2048,51200,256,1,1,1,167.026,29.721,18.534,134.343,159.807,0.0001,166.375,0.0105,17.461,0.0006,319.615,0.0114,33.744
40,1280,4,2048,51200,256,1,1,1,207.169,32.504,22.258,171.634,204.164,0.0001,176.245,0.0099,19.545,0.0005,408.329,0.0107,38.272
40,1320,4,2048,51200,256,1,1,1,152.671,29.94,21.659,132.952,166.983,0.0001,167.715,0.0109,18.599,0.0007,333.967,0.0118,36.405
40,1360,4,2048,51200,256,1,1,1,171.946,31.599,24.483,150.197,182.641,0.0001,192.402,0.01,21.316,0.0007,365.283,0.0109,41.773
40,1400,4,2048,51200,256,1,1,1,168.07,31.7,22.798,140.944,166.043,0.0001,169.086,0.0113,19.701,0.0008,332.085,0.0123,38.896
40,1440,4,2048,51200,256,1,1,1,208.139,36.153,24.822,171.447,208.224,0.0001,175.278,0.0109,21.407,0.0007,416.448,0.0118,42.844
40,1480,4,2048,51200,256,1,1,1,154.634,33.281,24.061,147.467,165.869,0.0001,178.106,0.0115,21.181,0.0009,331.739,0.0126,42.09
40,1520,4,2048,51200,256,1,1,1,186.287,36.156,27.095,180.945,194.201,0.0001,178.803,0.0112,22.54,0.0008,388.401,0.0123,45.292
40,1560,4,2048,51200,256,1,1,1,174.49,35.02,25.138,140.079,177.335,0.0001,204.536,0.0109,24.136,0.0009,354.671,0.0121,48.158
40,1600,4,2048,51200,256,1,1,1,213.733,39.749,27.715,181.981,217.321,0.0001,189.312,0.0112,24.574,0.0008,434.643,0.0122,49.926
40,1640,4,2048,51200,256,1,1,1,171.083,36.753,25.682,148.873,172.013,0.0001,170.441,0.0128,22.404,0.001,344.027,0.0141,45.405
40,1680,4,2048,51200,256,1,1,1,190.391,39.687,29.868,169.261,185.354,0.0001,183.692,0.012,24.847,0.001,370.709,0.0132,50.403
40,1720,4,2048,51200,256,1,1,1,162.072,38.112,26.742,155.553,151.366,0.0001,174.78,0.0131,23.546,0.0013,302.732,0.0147,47.483
40,1760,4,2048,51200,256,1,1,1,213.719,42.594,30.237,211.252,221.911,0.0001,180.94,0.0125,25.789,0.0009,443.822,0.0136,53.335
40,1800,4,2048,51200,256,1,1,1,156.118,39.74,27.747,139.197,176.231,0.0001,181.722,0.0134,24.847,0.0012,352.461,0.0149,50.928
40,1840,4,2048,51200,256,1,1,1,193.337,43.337,32.728,160.8,190.591,0.0001,172.42,0.0135,25.641,0.0012,381.182,0.0149,52.956
40,1880,4,2048,51200,256,1,1,1,107.999,41.299,29.143,142.658,177.348,0.0001,165.953,0.0152,23.524,0.0013,354.696,0.0168,48.913
40,1920,4,2048,51200,256,1,1,1,199.254,44.67,33.46,182.185,210.637,0.0001,171.348,0.014,26.445,0.0011,421.273,0.0154,55.376
40,1960,4,2048,51200,256,1,1,1,183.024,36.438,28.836,152.473,181.0,0.0001,164.057,0.0156,24.646,0.0014,361.999,0.0172,51.509
40,2000,4,2048,51200,256,1,1,1,185.619,44.782,35.215,157.69,189.619,0.0001,181.411,0.0141,28.057,0.0014,379.237,0.0158,58.392
40,2040,4,2048,51200,256,1,1,1,173.184,37.743,29.776,171.385,191.398,0.0001,167.019,0.0159,25.703,0.0014,382.796,0.0176,54.151
40,2080,4,2048,51200,256,1,1,1,209.599,47.801,35.83,180.605,216.254,0.0002,201.564,0.0135,31.409,0.0013,432.508,0.0153,64.835
40,2120,4,2048,51200,256,1,1,1,182.424,38.848,30.828,149.546,182.016,0.0002,163.375,0.0167,26.114,0.0016,364.031,0.0188,54.464
40,2160,4,2048,51200,256,1,1,1,191.384,47.284,38.312,171.732,198.848,0.0002,173.169,0.0155,29.02,0.0015,397.696,0.0176,60.488
40,2200,4,2048,51200,256,1,1,1,177.027,39.501,32.065,161.202,177.584,0.0002,190.866,0.0157,29.653,0.0018,355.169,0.018,61.206
40,2240,4,2048,51200,256,1,1,1,217.682,50.714,38.753,168.019,222.137,0.0002,169.815,0.0161,29.744,0.0015,444.273,0.0181,62.852
40,2280,4,2048,51200,256,1,1,1,170.132,40.135,31.311,155.99,164.118,0.0002,174.254,0.0174,28.417,0.0021,328.236,0.0199,58.917
40,2320,4,2048,51200,256,1,1,1,199.828,50.997,40.258,169.927,175.71,0.0002,156.443,0.0177,28.655,0.002,351.42,0.0202,59.968
40,2360,4,2048,51200,256,1,1,1,182.993,42.004,32.747,151.0,159.823,0.0002,187.237,0.017,30.829,0.0023,319.645,0.0198,63.432
40,2400,4,2048,51200,256,1,1,1,219.783,52.858,41.137,177.151,226.735,0.0002,179.443,0.0165,32.597,0.0017,453.471,0.0187,69.227
40,2440,4,2048,51200,256,1,1,1,163.248,43.196,33.452,159.406,161.775,0.0002,162.37,0.0194,28.622,0.0024,323.55,0.0223,59.928
40,2480,4,2048,51200,256,1,1,1,193.805,53.977,43.056,186.414,190.517,0.0003,164.34,0.0182,31.233,0.0021,381.034,0.0208,65.979
40,2520,4,2048,51200,256,1,1,1,177.891,44.677,34.725,164.462,161.23,0.0003,183.386,0.0182,32.085,0.0026,322.46,0.0213,66.474
40,2560,4,2048,51200,256,1,1,1,221.457,60.224,44.889,208.057,215.619,0.0002,167.876,0.0181,33.216,0.002,431.239,0.0206,70.958
40,2600,4,2048,51200,256,1,1,1,170.289,42.925,41.599,164.385,168.445,0.0003,163.412,0.0201,30.72,0.0026,336.89,0.0232,64.712
40,2640,4,2048,51200,256,1,1,1,193.56,55.218,46.965,185.904,190.291,0.0003,170.847,0.0188,33.654,0.0024,380.582,0.0217,71.169
40,2680,4,2048,51200,256,1,1,1,163.421,44.171,42.68,164.758,168.586,0.0003,206.663,0.0179,36.353,0.0028,337.172,0.0212,75.124
40,2720,4,2048,51200,256,1,1,1,228.18,59.956,50.863,205.701,225.065,0.0003,158.524,0.0199,33.549,0.0022,450.13,0.0225,72.608
40,2760,4,2048,51200,256,1,1,1,175.593,44.795,43.466,175.271,156.157,0.0003,171.595,0.0205,33.331,0.0032,312.314,0.0242,69.434
40,2800,4,2048,51200,256,1,1,1,193.039,58.347,48.974,193.45,188.112,0.0003,194.706,0.0183,38.445,0.0027,376.224,0.0215,80.471
40,2840,4,2048,51200,256,1,1,1,169.251,44.85,45.611,162.454,157.588,0.0003,141.259,0.0242,29.675,0.0034,315.176,0.0281,63.221
40,2880,4,2048,51200,256,1,1,1,214.545,61.147,53.654,195.387,198.503,0.0003,143.855,0.0228,32.359,0.0027,397.007,0.026,70.111
40,2920,4,2048,51200,256,1,1,1,166.226,45.457,45.085,169.997,165.607,0.0003,144.171,0.0247,30.604,0.0034,331.215,0.0286,65.579
40,2960,4,2048,51200,256,1,1,1,197.307,61.095,51.736,193.006,193.24,0.0003,191.273,0.0195,39.728,0.003,386.479,0.0229,83.775
40,3000,4,2048,51200,256,1,1,1,162.435,46.02,46.295,159.295,163.028,0.0003,161.726,0.0236,33.564,0.0036,326.057,0.0277,71.152
40,3040,4,2048,51200,256,1,1,1,204.481,62.83,55.87,215.004,217.931,0.0003,146.638,0.0238,34.069,0.0028,435.863,0.0271,74.701
40,3080,4,2048,51200,256,1,1,1,166.794,48.162,47.91,161.753,168.064,0.0003,142.982,0.0261,31.704,0.0037,336.127,0.0303,68.272
40,3120,4,2048,51200,256,1,1,1,186.638,63.47,54.367,180.058,185.745,0.0003,170.043,0.0224,37.8,0.0034,371.491,0.0264,80.53
40,3160,4,2048,51200,256,1,1,1,169.925,49.27,49.067,167.696,175.711,0.0003,144.646,0.0265,32.693,0.0037,351.421,0.0307,70.745
40,3200,4,2048,51200,256,1,1,1,217.314,67.392,59.057,213.364,217.53,0.0003,145.665,0.0249,35.516,0.0031,435.06,0.0285,78.097
40,3240,4,2048,51200,256,1,1,1,166.841,47.387,49.514,178.164,155.194,0.0003,155.897,0.026,34.847,0.0044,310.389,0.0309,73.742
40,3280,4,2048,51200,256,1,1,1,195.145,63.488,56.717,201.991,179.72,0.0003,167.119,0.0237,39.003,0.0039,359.44,0.0282,82.914
40,3320,4,2048,51200,256,1,1,1,172.153,49.504,49.417,174.693,165.189,0.0003,157.679,0.0263,35.872,0.0044,330.378,0.0312,76.484
40,3360,4,2048,51200,256,1,1,1,230.106,68.276,60.357,211.441,211.582,0.0003,144.646,0.0263,36.718,0.0035,423.163,0.0303,80.662
40,3400,4,2048,51200,256,1,1,1,171.23,50.366,51.251,173.646,157.154,0.0003,148.396,0.0281,35.056,0.0048,314.308,0.0335,74.726
40,3440,4,2048,51200,256,1,1,1,180.031,65.829,60.557,193.063,176.922,0.0003,176.716,0.0242,41.545,0.0044,353.844,0.0291,87.78
40,3480,4,2048,51200,256,1,1,1,173.449,51.515,52.892,174.356,154.902,0.0003,153.027,0.0281,36.528,0.0051,309.804,0.0338,77.421
40,3520,4,2048,51200,256,1,1,1,230.841,70.957,62.522,215.175,213.603,0.0003,149.661,0.0269,39.019,0.0038,427.207,0.0312,85.669
40,3560,4,2048,51200,256,1,1,1,169.496,51.699,52.665,182.208,150.338,0.0003,151.149,0.0292,36.687,0.0055,300.677,0.0352,77.571
40,3600,4,2048,51200,256,1,1,1,175.249,68.875,61.011,199.595,174.564,0.0003,178.795,0.0253,43.081,0.0049,349.129,0.0307,90.807
40,3640,4,2048,51200,256,1,1,1,153.038,53.165,53.79,172.946,178.641,0.0003,127.326,0.0341,32.666,0.0049,357.283,0.0395,72.217
40,3680,4,2048,51200,256,1,1,1,209.062,72.245,65.309,227.353,214.799,0.0003,145.266,0.029,39.106,0.0041,429.598,0.0337,86.4
40,3720,4,2048,51200,256,1,1,1,121.245,54.563,54.527,178.763,152.154,0.0003,147.02,0.0327,35.39,0.006,304.309,0.0392,75.826
40,3760,4,2048,51200,256,1,1,1,176.648,71.89,64.236,206.092,175.427,0.0003,149.934,0.0298,39.541,0.0053,350.854,0.0356,85.093
40,3800,4,2048,51200,256,1,1,1,158.544,54.546,55.131,173.266,176.693,0.0003,175.831,0.0286,41.973,0.0054,353.386,0.0345,89.647
40,3840,4,2048,51200,256,1,1,1,209.395,79.188,71.637,170.078,196.742,0.0003,146.918,0.0302,40.488,0.0049,393.485,0.0357,88.507
40,3880,4,2048,51200,256,1,1,1,157.786,50.36,57.721,169.394,166.699,0.0003,145.081,0.0334,37.312,0.0059,333.398,0.0399,80.753
40,3920,4,2048,51200,256,1,1,1,178.995,70.441,67.77,197.307,176.979,0.0003,174.166,0.0282,45.065,0.0057,353.958,0.0344,95.439
40,3960,4,2048,51200,256,1,1,1,158.621,52.62,57.608,175.43,152.257,0.0003,179.641,0.0296,43.628,0.0067,304.514,0.0369,90.667
40,4000,4,2048,51200,256,1,1,1,207.796,78.048,69.917,226.361,196.734,0.0003,171.055,0.0282,46.705,0.0053,393.468,0.0341,100.231
40,4040,4,2048,51200,256,1,1,1,110.05,53.512,59.034,179.337,136.562,0.0003,147.162,0.0366,36.594,0.0078,273.124,0.045,77.318
40,4080,4,2048,51200,256,1,1,1,180.126,72.966,69.519,206.055,170.604,0.0003,178.82,0.0289,47.303,0.0064,341.208,0.0358,99.119
40,4120,4,2048,51200,256,1,1,1,157.394,52.862,61.906,178.788,153.145,0.0005,153.611,0.0342,40.607,0.0073,306.29,0.0425,85.085
40,4160,4,2048,51200,256,1,1,1,196.448,80.185,71.521,213.018,187.493,0.0005,144.239,0.0335,42.129,0.006,374.987,0.0406,90.67
40,4200,4,2048,51200,256,1,1,1,152.181,53.284,62.843,172.517,116.589,0.0005,143.975,0.0367,39.147,0.0099,233.177,0.0477,78.673
40,4240,4,2048,51200,256,1,1,1,173.232,72.392,72.528,187.838,166.289,0.0005,169.161,0.0316,46.257,0.0071,332.579,0.0397,96.134
40,4280,4,2048,51200,256,1,1,1,148.254,55.723,62.239,183.471,159.504,0.0005,163.521,0.0346,43.06,0.0075,319.008,0.0431,90.226
40,4320,4,2048,51200,256,1,1,1,202.2,78.996,74.202,229.25,209.388,0.0005,150.074,0.0338,44.754,0.0058,418.776,0.0407,97.348
40,4360,4,2048,51200,256,1,1,1,165.275,55.881,64.233,170.633,161.544,0.0005,151.626,0.0365,42.153,0.0077,323.088,0.0452,89.093
40,4400,4,2048,51200,256,1,1,1,171.763,75.194,74.704,191.746,181.384,0.0005,153.724,0.0351,44.503,0.007,362.769,0.0432,95.028
40,4440,4,2048,51200,256,1,1,1,113.909,54.981,65.377,183.174,140.467,0.0005,146.356,0.0407,39.058,0.0092,280.935,0.0509,81.948
40,4480,4,2048,51200,256,1,1,1,193.808,85.559,77.445,218.245,196.833,0.0005,148.943,0.0355,45.487,0.0067,393.666,0.0432,98.298
40,4520,4,2048,51200,256,1,1,1,141.928,52.803,65.443,171.777,151.321,0.0005,149.049,0.0397,41.416,0.0088,302.642,0.0495,87.23
40,4560,4,2048,51200,256,1,1,1,163.968,76.833,77.524,182.121,164.256,0.0005,158.138,0.0363,46.024,0.0083,328.511,0.0456,96.414
40,4600,4,2048,51200,256,1,1,1,147.757,53.537,63.98,165.891,139.947,0.0005,177.949,0.0361,46.954,0.0099,279.894,0.047,94.99
40,4640,4,2048,51200,256,1,1,1,202.56,85.56,77.033,219.716,142.842,0.0005,143.914,0.0377,45.666,0.0099,285.685,0.0486,93.442
40,4680,4,2048,51200,256,1,1,1,146.942,56.885,66.662,168.145,142.747,0.0005,169.049,0.0378,46.282,0.0101,285.494,0.0489,94.495
40,4720,4,2048,51200,256,1,1,1,158.795,80.303,81.329,193.274,157.655,0.0005,165.723,0.0366,48.552,0.0093,315.31,0.0469,100.159
40,4760,4,2048,51200,256,1,1,1,141.557,55.637,68.186,171.798,172.483,0.0005,130.039,0.0459,39.27,0.0086,344.967,0.0556,85.875
40,4800,4,2048,51200,256,1,1,1,203.046,88.27,79.771,222.502,190.289,0.0005,147.614,0.0384,47.716,0.0079,380.578,0.0474,102.439
40,4840,4,2048,51200,256,1,1,1,116.645,56.769,65.422,169.262,141.561,0.0005,147.32,0.045,41.296,0.0108,283.121,0.0569,86.616
40,4880,4,2048,51200,256,1,1,1,164.335,79.426,82.288,194.032,158.971,0.0005,177.977,0.0362,52.18,0.0098,317.942,0.047,106.492
40,4920,4,2048,51200,256,1,1,1,152.269,59.044,67.911,168.817,140.57,0.0005,160.106,0.0412,46.555,0.0113,281.139,0.0535,95.128
40,4960,4,2048,51200,256,1,1,1,222.584,89.667,81.921,221.498,219.004,0.0005,146.966,0.0395,49.306,0.0074,438.008,0.0479,108.023
40,5000,4,2048,51200,256,1,1,1,149.671,59.831,67.139,163.021,110.618,0.0005,146.833,0.0446,44.268,0.0148,221.236,0.0604,86.876
40,5040,4,2048,51200,256,1,1,1,169.258,83.449,84.361,193.141,158.372,0.0005,155.799,0.0407,49.214,0.0105,316.744,0.0522,102.065
40,5080,4,2048,51200,256,1,1,1,137.0,58.946,69.791,175.435,140.914,0.0005,149.172,0.0456,44.594,0.012,281.828,0.0586,92.38
40,5120,4,2048,51200,256,1,1,1,205.32,95.11,89.834,221.399,154.626,0.0005,133.814,0.044,46.821,0.0111,309.253,0.0561,97.911
40,5160,4,2048,51200,256,1,1,1,139.582,56.992,54.208,164.701,149.181,0.0005,148.631,0.0474,44.138,0.0117,298.361,0.0601,92.815
40,5200,4,2048,51200,256,1,1,1,123.316,84.122,71.712,197.856,156.149,0.0005,150.595,0.0465,45.624,0.0113,312.298,0.0589,96.196
40,5240,4,2048,51200,256,1,1,1,154.047,59.2,55.394,174.621,140.46,0.0005,165.785,0.044,48.894,0.0128,280.92,0.0579,99.374
40,5280,4,2048,51200,256,1,1,1,193.693,92.607,90.877,225.138,180.123,0.0005,155.593,0.0414,52.649,0.0101,360.246,0.0526,110.887
40,5320,4,2048,51200,256,1,1,1,174.205,60.549,54.987,162.855,141.331,0.0005,158.627,0.0452,48.977,0.0131,282.662,0.0593,99.786
40,5360,4,2048,51200,256,1,1,1,157.258,84.068,72.155,194.764,121.784,0.0005,153.735,0.0453,49.531,0.0155,243.567,0.0618,97.236
40,5400,4,2048,51200,256,1,1,1,139.854,59.639,56.915,169.644,133.871,0.0005,160.867,0.0474,47.917,0.0143,267.743,0.0628,97.092
40,5440,4,2048,51200,256,1,1,1,194.0,97.218,93.928,224.764,178.732,0.0005,159.73,0.042,54.81,0.0109,357.465,0.054,114.599
40,5480,4,2048,51200,256,1,1,1,140.184,60.467,57.593,173.085,144.639,0.0005,170.773,0.0465,50.207,0.0136,289.278,0.0612,102.491
40,5520,4,2048,51200,256,1,1,1,195.542,86.133,74.662,196.738,159.13,0.0005,144.114,0.047,50.413,0.0125,318.261,0.0606,105.031
40,5560,4,2048,51200,256,1,1,1,152.893,62.065,57.51,168.143,143.02,0.0005,148.207,0.0507,47.347,0.0142,286.04,0.0659,97.897
40,5600,4,2048,51200,256,1,1,1,142.456,98.252,95.209,227.612,183.021,0.0005,161.953,0.046,52.883,0.0112,366.042,0.0583,112.273
40,5640,4,2048,51200,256,1,1,1,140.705,63.124,59.128,166.291,122.322,0.0005,148.274,0.0524,47.049,0.017,244.643,0.0705,94.133
40,5680,4,2048,51200,256,1,1,1,157.403,89.887,77.901,185.433,197.884,0.0005,162.724,0.0468,53.354,0.0107,395.768,0.0585,114.887
40,5720,4,2048,51200,256,1,1,1,130.15,59.665,60.012,153.279,140.18,0.0005,147.394,0.0548,46.114,0.0153,280.361,0.0712,95.75
40,5760,4,2048,51200,256,1,1,1,206.453,101.637,98.831,199.541,180.307,0.0005,147.655,0.0472,54.251,0.0121,360.614,0.0603,114.564
40,5800,4,2048,51200,256,1,1,1,135.697,56.442,60.175,172.112,119.885,0.0005,148.307,0.0549,47.268,0.0184,239.77,0.0743,94.209
40,5840,4,2048,51200,256,1,1,1,154.965,86.888,80.487,188.484,136.287,0.0005,178.054,0.046,57.127,0.0164,272.573,0.0635,111.849
40,5880,4,2048,51200,256,1,1,1,170.64,60.596,60.054,176.61,124.24,0.0005,152.267,0.0521,51.063,0.0182,248.481,0.0714,100.718
40,5920,4,2048,51200,256,1,1,1,222.805,99.796,97.431,224.606,173.65,0.0005,147.531,0.048,56.152,0.0132,347.299,0.0623,117.004
40,5960,4,2048,51200,256,1,1,1,142.202,57.132,60.783,167.264,120.5,0.0005,171.273,0.0517,52.725,0.0193,241.0,0.0721,102.351
40,6000,4,2048,51200,256,1,1,1,157.836,87.667,81.713,183.645,139.045,0.0005,148.453,0.0531,52.027,0.017,278.09,0.0711,105.157
40,6040,4,2048,51200,256,1,1,1,131.581,58.506,60.813,165.999,145.557,0.0005,174.135,0.0531,52.638,0.0164,291.114,0.0706,107.305
40,6080,4,2048,51200,256,1,1,1,180.983,101.725,99.669,207.252,223.404,0.0005,147.862,0.0515,54.956,0.0108,446.808,0.0634,121.022
40,6120,4,2048,51200,256,1,1,1,141.078,59.271,60.468,163.279,110.768,0.0005,147.202,0.0585,48.943,0.0222,221.535,0.0818,95.057
40,6160,4,2048,51200,256,1,1,1,194.93,92.625,80.144,190.968,146.23,0.0006,149.798,0.0521,55.634,0.017,292.459,0.0702,112.104
40,6200,4,2048,51200,256,1,1,1,128.128,62.016,59.938,159.579,122.811,0.0005,172.766,0.0556,52.772,0.0205,245.623,0.0772,103.255
40,6240,4,2048,51200,256,1,1,1,178.906,104.615,99.632,219.996,152.557,0.0006,168.311,0.0488,60.872,0.0167,305.114,0.0666,121.17
40,6280,4,2048,51200,256,1,1,1,168.102,63.145,60.978,170.508,124.949,0.0006,132.237,0.062,48.523,0.0207,249.899,0.0837,97.628
40,6320,4,2048,51200,256,1,1,1,154.041,95.769,80.593,192.87,156.749,0.0006,153.193,0.0556,54.717,0.0167,313.497,0.0734,112.764
40,6360,4,2048,51200,256,1,1,1,105.689,61.62,61.963,167.321,121.023,0.0006,154.324,0.0643,47.902,0.0219,242.047,0.0873,96.017
40,6400,4,2048,51200,256,1,1,1,173.266,106.518,111.527,229.015,154.299,0.0005,166.532,0.0507,61.381,0.0174,308.598,0.0692,122.543
40,6440,4,2048,51200,256,1,1,1,122.122,59.624,65.409,158.434,148.607,0.0006,154.555,0.0629,50.112,0.0183,297.213,0.0823,104.361
40,6480,4,2048,51200,256,1,1,1,190.863,91.955,90.083,187.389,164.387,0.0006,166.404,0.0519,61.367,0.0167,328.775,0.0698,124.516
40,6520,4,2048,51200,256,1,1,1,122.993,62.335,64.971,160.757,106.921,0.0006,146.886,0.0654,49.264,0.0261,213.842,0.0926,94.97
40,6560,4,2048,51200,256,1,1,1,173.847,107.232,104.774,214.906,154.03,0.0006,168.789,0.0522,62.457,0.0183,308.06,0.0716,124.26
40,6600,4,2048,51200,256,1,1,1,123.114,63.431,65.972,174.793,121.781,0.0006,165.084,0.0619,53.309,0.0234,243.563,0.0864,104.216
40,6640,4,2048,51200,256,1,1,1,156.907,95.227,85.477,187.347,130.797,0.0006,132.937,0.0645,51.696,0.0221,261.593,0.0877,103.888
40,6680,4,2048,51200,256,1,1,1,125.068,61.473,66.557,164.412,123.251,0.0006,145.828,0.0674,50.022,0.0237,246.502,0.0923,99.938
40,6720,4,2048,51200,256,1,1,1,183.095,107.826,109.015,200.948,152.966,0.0006,146.868,0.0583,58.452,0.0193,305.932,0.0788,118.364
40,6760,4,2048,51200,256,1,1,1,122.267,61.626,67.512,158.813,121.743,0.0006,171.022,0.0633,54.493,0.0246,243.486,0.089,106.026
40,6800,4,2048,51200,256,1,1,1,136.314,97.954,89.148,199.712,136.005,0.0006,149.268,0.0636,54.848,0.0223,272.01,0.087,109.762
40,6840,4,2048,51200,256,1,1,1,138.995,65.912,67.404,154.746,145.141,0.0006,165.186,0.0631,55.848,0.0211,290.282,0.0854,113.103
40,6880,4,2048,51200,256,1,1,1,145.671,110.541,106.216,235.671,141.139,0.0006,148.495,0.0624,57.122,0.022,282.278,0.0855,114.232
40,6920,4,2048,51200,256,1,1,1,133.883,64.729,67.905,149.565,125.523,0.0006,171.676,0.0636,56.605,0.025,251.046,0.0898,110.027
40,6960,4,2048,51200,256,1,1,1,136.828,100.359,95.518,174.977,136.091,0.0006,168.681,0.0613,59.388,0.0233,272.182,0.0858,116.456
40,7000,4,2048,51200,256,1,1,1,123.64,63.338,69.149,155.048,142.614,0.0006,134.421,0.0754,48.79,0.0225,285.229,0.0991,101.935
40,7040,4,2048,51200,256,1,1,1,174.77,109.982,113.503,221.355,175.393,0.0006,150.935,0.061,61.029,0.0185,350.786,0.0806,126.737
40,7080,4,2048,51200,256,1,1,1,166.495,60.566,69.674,165.139,124.717,0.0006,149.357,0.0669,56.233,0.0263,249.433,0.0944,109.481
40,7120,4,2048,51200,256,1,1,1,138.653,97.006,91.167,183.046,135.954,0.0006,172.668,0.0622,61.112,0.0244,271.908,0.0878,118.998
40,7160,4,2048,51200,256,1,1,1,119.769,63.656,69.43,171.997,121.945,0.0006,151.993,0.0727,52.842,0.0276,243.889,0.1014,104.162
40,7200,4,2048,51200,256,1,1,1,204.515,111.058,111.836,210.205,154.822,0.0006,161.23,0.0583,66.567,0.0219,309.645,0.0814,131.157
40,7240,4,2048,51200,256,1,1,1,128.984,65.659,70.318,156.729,146.509,0.0006,145.458,0.0744,52.73,0.0234,293.017,0.099,109.034
40,7280,4,2048,51200,256,1,1,1,157.247,98.686,92.765,173.407,139.906,0.0006,168.631,0.0629,62.99,0.0248,279.812,0.0889,122.723
40,7320,4,2048,51200,256,1,1,1,121.993,63.82,70.141,147.999,122.535,0.0006,148.094,0.0763,52.438,0.0287,245.07,0.1062,103.868
40,7360,4,2048,51200,256,1,1,1,156.657,112.394,120.539,213.772,159.803,0.0006,132.271,0.0721,56.111,0.0222,319.605,0.0955,116.751
40,7400,4,2048,51200,256,1,1,1,123.62,64.293,70.525,161.149,122.246,0.0006,147.13,0.0769,53.116,0.0294,244.491,0.1074,104.825
40,7440,4,2048,51200,256,1,1,1,185.787,101.953,92.272,167.545,139.188,0.0006,147.176,0.0676,61.034,0.0261,278.375,0.0948,120.008
40,7480,4,2048,51200,256,1,1,1,124.066,67.611,70.399,143.506,120.853,0.0006,169.842,0.0728,57.282,0.0303,241.705,0.1043,110.286
40,7520,4,2048,51200,256,1,1,1,153.999,110.974,115.261,217.718,152.573,0.0006,148.972,0.0691,60.926,0.0243,305.146,0.0946,122.893
40,7560,4,2048,51200,256,1,1,1,141.697,66.579,70.837,123.76,125.454,0.0006,170.103,0.0721,59.016,0.0299,250.908,0.1031,113.92
40,7600,4,2048,51200,256,1,1,1,121.015,101.408,93.15,160.772,166.358,0.0006,147.565,0.0778,55.209,0.0228,332.717,0.1017,116.637
40,7640,4,2048,51200,256,1,1,1,120.39,65.078,71.762,153.539,106.335,0.0006,148.157,0.0808,53.67,0.036,212.67,0.118,101.609
40,7680,4,2048,51200,256,1,1,1,152.509,118.689,129.413,155.123,131.249,0.0006,150.389,0.0722,60.643,0.0295,262.499,0.1029,117.751
40,7720,4,2048,51200,256,1,1,1,120.848,61.341,75.679,139.203,121.175,0.0006,145.34,0.0835,53.008,0.0322,242.351,0.1169,104.688
40,7760,4,2048,51200,256,1,1,1,134.745,102.788,98.024,176.338,156.736,0.0006,164.802,0.0722,61.83,0.0252,313.472,0.0986,125.332
40,7800,4,2048,51200,256,1,1,1,146.498,66.428,74.294,146.034,123.426,0.0006,145.353,0.0797,56.584,0.0323,246.851,0.1132,110.278
40,7840,4,2048,51200,256,1,1,1,154.628,116.019,127.061,216.876,159.53,0.0006,165.181,0.0683,66.648,0.0253,319.059,0.0948,133.073
40,7880,4,2048,51200,256,1,1,1,123.937,64.113,76.05,144.44,121.729,0.0006,148.678,0.0837,54.917,0.0334,243.459,0.1184,107.619
40,7920,4,2048,51200,256,1,1,1,137.827,106.69,95.394,204.066,159.644,0.0006,168.29,0.0722,64.333,0.0258,319.287,0.0991,129.811
40,7960,4,2048,51200,256,1,1,1,152.644,63.048,75.464,109.739,123.311,0.0006,162.901,0.0786,59.605,0.0337,246.622,0.1135,114.475
40,8000,4,2048,51200,256,1,1,1,156.705,118.71,126.083,216.112,141.347,0.0006,148.317,0.0746,63.452,0.0297,282.694,0.1054,124.455
40,8040,4,2048,51200,256,1,1,1,136.735,63.682,76.774,147.23,123.289,0.0006,149.368,0.0833,57.311,0.0344,246.579,0.1189,111.434
40,8080,4,2048,51200,256,1,1,1,133.883,110.459,99.041,159.896,134.089,0.0006,148.781,0.0814,59.219,0.0319,268.178,0.1145,116.845
40,8120,4,2048,51200,256,1,1,1,122.211,67.472,78.328,152.798,140.454,0.0006,167.918,0.0817,59.582,0.0308,280.908,0.1136,118.882
40,8160,4,2048,51200,256,1,1,1,157.487,120.593,128.099,213.417,157.429,0.0006,149.677,0.076,64.595,0.0277,314.859,0.1049,129.966
40,8200,4,2048,51200,256,1,1,1,144.252,67.58,78.234,143.339,148.187,0.0006,145.153,0.0856,57.926,0.0297,296.374,0.1165,118.15
40,8240,4,2048,51200,256,1,1,1,116.608,110.539,100.629,181.854,140.299,0.0006,159.314,0.0834,60.004,0.0317,280.598,0.1164,119.477
40,8280,4,2048,51200,256,1,1,1,121.582,65.007,78.668,152.958,122.026,0.0006,144.75,0.0909,55.572,0.0368,244.052,0.129,108.839
40,8320,4,2048,51200,256,1,1,1,147.902,122.277,136.892,223.33,148.303,0.0006,149.088,0.0792,64.314,0.0306,296.606,0.1111,127.545
40,8360,4,2048,51200,256,1,1,1,112.379,62.83,77.097,148.96,141.123,0.0006,146.397,0.0943,54.543,0.0325,282.246,0.128,111.721
40,8400,4,2048,51200,256,1,1,1,168.679,111.417,100.411,194.612,135.984,0.0006,147.238,0.0797,65.097,0.034,271.968,0.115,125.541
40,8440,4,2048,51200,256,1,1,1,122.777,66.889,79.041,144.825,138.541,0.0007,165.478,0.0872,60.047,0.0337,277.081,0.1222,119.265
40,8480,4,2048,51200,256,1,1,1,178.403,118.975,129.592,206.293,156.503,0.0007,145.247,0.0791,66.786,0.0301,313.007,0.1105,133.091
40,8520,4,2048,51200,256,1,1,1,121.891,66.887,81.23,146.256,138.552,0.0007,146.489,0.094,56.7,0.0343,277.104,0.1296,114.495
40,8560,4,2048,51200,256,1,1,1,115.522,111.501,102.704,160.335,142.808,0.0007,147.981,0.0926,58.086,0.0336,285.615,0.1275,117.492
40,8600,4,2048,51200,256,1,1,1,108.109,63.83,80.085,173.894,121.217,0.0007,149.135,0.0971,55.866,0.04,242.435,0.1384,109.232
40,8640,4,2048,51200,256,1,1,1,150.096,126.576,133.718,181.024,171.17,0.0007,160.044,0.0809,67.601,0.0286,342.339,0.1109,137.629
40,8680,4,2048,51200,256,1,1,1,139.56,64.663,78.797,114.067,121.847,0.0007,149.389,0.0943,58.54,0.0405,243.693,0.1362,113.077
40,8720,4,2048,51200,256,1,1,1,129.106,110.664,107.284,165.746,151.568,0.0007,147.874,0.0913,60.988,0.0329,303.137,0.1255,123.767
40,8760,4,2048,51200,256,1,1,1,118.874,67.551,81.84,136.565,107.097,0.0007,148.636,0.0983,57.131,0.047,214.195,0.1466,106.913
40,8800,4,2048,51200,256,1,1,1,154.702,120.369,130.419,191.626,152.095,0.0007,148.972,0.0855,66.269,0.0334,304.191,0.1202,131.578
40,8840,4,2048,51200,256,1,1,1,122.281,68.209,82.65,146.47,122.355,0.0007,169.769,0.0918,62.271,0.0419,244.71,0.135,118.226
40,8880,4,2048,51200,256,1,1,1,153.11,120.915,109.568,181.965,130.464,0.0007,136.082,0.0923,62.42,0.0396,260.929,0.1333,120.78
40,8920,4,2048,51200,256,1,1,1,120.966,61.977,81.576,138.829,121.249,0.0007,148.346,0.1007,57.75,0.043,242.499,0.145,112.002
40,8960,4,2048,51200,256,1,1,1,185.506,132.622,145.134,202.861,150.98,0.0007,150.738,0.082,71.533,0.0348,301.959,0.1181,138.685
40,9000,4,2048,51200,256,1,1,1,123.032,58.976,85.437,111.747,121.297,0.0007,163.708,0.099,59.716,0.0438,242.595,0.1441,114.687
40,9040,4,2048,51200,256,1,1,1,138.503,113.737,105.417,150.866,135.791,0.0007,149.945,0.094,63.433,0.0394,271.583,0.1348,123.703
40,9080,4,2048,51200,256,1,1,1,139.882,67.446,81.923,110.517,139.61,0.0007,164.894,0.0956,62.879,0.0387,279.221,0.1357,123.958
40,9120,4,2048,51200,256,1,1,1,146.999,124.155,135.142,192.02,168.622,0.0007,152.628,0.0898,67.545,0.0323,337.243,0.1234,137.433
40,9160,4,2048,51200,256,1,1,1,138.781,67.723,85.107,139.711,107.039,0.0007,162.654,0.0949,64.389,0.0514,214.078,0.1477,115.869
40,9200,4,2048,51200,256,1,1,1,150.987,115.025,111.187,156.971,134.355,0.0007,160.458,0.0899,68.535,0.0413,268.71,0.1326,130.164
40,9240,4,2048,51200,256,1,1,1,118.801,61.028,85.121,112.889,119.421,0.0007,164.212,0.1036,59.971,0.0469,238.843,0.1519,114.62
40,9280,4,2048,51200,256,1,1,1,177.434,126.259,139.926,188.022,149.055,0.0007,132.933,0.0946,66.235,0.0379,298.111,0.1338,131.164
40,9320,4,2048,51200,256,1,1,1,122.725,65.739,85.649,142.291,122.88,0.0007,146.994,0.1064,59.388,0.0463,245.76,0.1541,114.895
40,9360,4,2048,51200,256,1,1,1,154.825,120.662,108.258,156.038,155.863,0.0007,148.54,0.0954,66.786,0.0368,311.727,0.1336,133.649
40,9400,4,2048,51200,256,1,1,1,106.669,70.781,86.441,140.959,130.57,0.0007,148.878,0.1121,57.307,0.0443,261.14,0.1578,114.107
40,9440,4,2048,51200,256,1,1,1,152.389,126.576,137.815,194.778,172.93,0.0007,149.371,0.0941,68.829,0.0338,345.859,0.1292,140.519
40,9480,4,2048,51200,256,1,1,1,120.907,69.984,85.502,109.209,136.722,0.0007,146.901,0.1124,58.051,0.0431,273.445,0.1569,116.689
40,9520,4,2048,51200,256,1,1,1,128.698,120.674,119.482,121.212,150.529,0.0007,149.745,0.1055,62.346,0.0395,301.058,0.1463,126.121
40,9560,4,2048,51200,256,1,1,1,120.883,67.292,86.561,139.991,138.535,0.0007,146.435,0.1111,59.688,0.0432,277.07,0.1557,119.52
40,9600,4,2048,51200,256,1,1,1,151.392,125.246,147.147,192.784,153.201,0.0007,176.231,0.0882,75.774,0.0394,306.401,0.129,145.454
40,9640,4,2048,51200,256,1,1,1,140.936,65.164,86.419,114.575,122.524,0.0007,146.961,0.1094,61.565,0.0497,245.048,0.1605,117.854
40,9680,4,2048,51200,256,1,1,1,135.803,116.85,114.604,159.253,157.464,0.0007,164.659,0.0985,68.951,0.039,314.928,0.1389,137.351
40,9720,4,2048,51200,256,1,1,1,138.119,69.089,88.577,172.304,140.29,0.0007,168.746,0.0993,68.903,0.0441,280.579,0.1448,132.743
40,9760,4,2048,51200,256,1,1,1,152.577,125.518,144.061,196.174,153.716,0.0007,146.799,0.0993,69.466,0.0406,307.431,0.1413,137.187
40,9800,4,2048,51200,256,1,1,1,140.159,69.362,86.828,141.306,139.231,0.0007,147.174,0.1092,63.66,0.0452,278.462,0.1558,125.416
40,9840,4,2048,51200,256,1,1,1,115.354,119.035,118.22,157.33,139.331,0.0007,153.06,0.1108,63.21,0.0455,278.661,0.1578,124.853
40,9880,4,2048,51200,256,1,1,1,121.194,66.226,89.062,142.748,139.844,0.0007,149.167,0.1151,61.35,0.0457,279.688,0.1622,122.39
40,9920,4,2048,51200,256,1,1,1,153.324,132.991,146.5,141.835,153.321,0.0007,150.329,0.103,69.047,0.0421,306.643,0.1465,136.617
40,9960,4,2048,51200,256,1,1,1,110.785,66.797,88.262,140.938,139.93,0.0007,172.008,0.1129,63.5,0.0465,279.86,0.1608,125.476
40,10000,4,2048,51200,256,1,1,1,136.004,122.194,116.787,156.904,152.605,0.0007,148.0,0.1089,66.354,0.0429,305.21,0.1532,132.694
40,10040,4,2048,51200,256,1,1,1,130.585,70.285,86.719,142.266,122.294,0.0007,163.262,0.1098,66.292,0.054,244.588,0.1652,124.021
40,10080,4,2048,51200,256,1,1,1,166.293,127.622,143.259,145.666,151.568,0.0007,148.073,0.1036,70.82,0.0439,303.136,0.1489,138.703
40,10120,4,2048,51200,256,1,1,1,120.941,70.244,88.665,142.642,136.564,0.0007,168.796,0.1123,65.789,0.0491,273.128,0.1629,127.778
40,10160,4,2048,51200,256,1,1,1,153.134,118.812,121.762,166.001,123.69,0.0007,133.501,0.1128,66.0,0.0547,247.379,0.1689,124.18
40,10200,4,2048,51200,256,1,1,1,121.77,68.045,91.543,143.503,121.823,0.0007,149.052,0.12,62.499,0.056,243.646,0.1774,119.148
40,10240,4,2048,51200,256,1,1,1,176.353,137.858,173.709,179.32,162.522,0.0007,168.118,0.0944,80.1,0.0423,325.044,0.138,154.328
40,10280,4,2048,51200,256,1,1,1,120.546,66.32,35.252,168.48,131.998,0.0007,149.615,0.126,60.446,0.0525,263.996,0.1799,119.348
40,10320,4,2048,51200,256,1,1,1,135.927,120.922,79.889,157.336,144.945,0.0007,148.91,0.1149,66.753,0.0482,289.891,0.1645,131.498
40,10360,4,2048,51200,256,1,1,1,120.92,70.409,35.396,162.379,141.545,0.0007,148.491,0.1277,60.507,0.0497,283.09,0.1789,121.872
40,10400,4,2048,51200,256,1,1,1,154.271,138.787,101.597,139.354,176.365,0.0007,155.444,0.1093,71.27,0.0402,352.73,0.1509,145.595
40,10440,4,2048,51200,256,1,1,1,123.024,70.403,35.4,141.126,139.374,0.0007,148.781,0.1299,60.366,0.0513,278.747,0.1826,121.189
40,10480,4,2048,51200,256,1,1,1,150.21,126.213,79.097,159.904,136.527,0.0007,157.222,0.1103,71.607,0.0527,273.054,0.1645,135.561
40,10520,4,2048,51200,256,1,1,1,139.824,67.455,35.438,141.499,128.942,0.0007,149.717,0.1259,63.238,0.0562,257.884,0.1835,122.406
40,10560,4,2048,51200,256,1,1,1,156.499,134.474,99.376,159.292,153.555,0.0007,149.703,0.1119,71.664,0.0476,307.11,0.1609,140.688
40,10600,4,2048,51200,256,1,1,1,127.222,68.026,35.594,137.582,121.627,0.0007,166.517,0.1254,64.388,0.0605,243.254,0.1874,121.689
40,10640,4,2048,51200,256,1,1,1,150.129,123.239,84.849,161.975,129.899,0.0007,149.387,0.1154,70.499,0.0571,259.798,0.1739,132.093
40,10680,4,2048,51200,256,1,1,1,121.925,70.965,35.57,174.137,122.582,0.0007,150.115,0.1315,62.287,0.061,245.164,0.1939,119.334
40,10720,4,2048,51200,256,1,1,1,153.877,132.505,100.658,181.872,157.432,0.0007,151.936,0.1125,73.317,0.0478,314.864,0.1618,144.091
40,10760,4,2048,51200,256,1,1,1,121.778,69.893,35.828,109.89,133.579,0.0007,170.955,0.132,62.936,0.0568,267.158,0.1903,123.434
40,10800,4,2048,51200,256,1,1,1,135.424,124.535,85.823,149.409,135.736,0.0007,147.114,0.1238,67.578,0.0563,271.471,0.1816,130.282
40,10840,4,2048,51200,256,1,1,1,136.755,67.355,35.924,165.655,139.963,0.0007,148.066,0.1308,64.44,0.055,279.926,0.1872,127.263
40,10880,4,2048,51200,256,1,1,1,154.584,138.436,108.74,134.63,167.332,0.0007,147.807,0.1198,70.858,0.0464,334.663,0.1676,143.243
40,10920,4,2048,51200,256,1,1,1,122.114,66.565,35.5,126.409,138.855,0.0007,149.534,0.1405,60.821,0.0563,277.709,0.1983,121.951
40,10960,4,2048,51200,256,1,1,1,156.361,126.659,83.284,156.03,134.162,0.0007,158.285,0.1158,74.348,0.0587,268.325,0.1759,138.452
40,11000,4,2048,51200,256,1,1,1,138.981,70.843,35.474,111.932,121.425,0.0007,149.081,0.138,62.805,0.0653,242.85,0.2048,119.788
40,11040,4,2048,51200,256,1,1,1,153.028,136.143,99.791,175.987,167.029,0.0007,169.863,0.1114,78.319,0.0478,334.058,0.1607,153.725
40,11080,4,2048,51200,256,1,1,1,141.274,72.0,35.381,167.147,136.393,0.0007,132.93,0.1403,62.628,0.059,272.786,0.2008,123.923
40,11120,4,2048,51200,256,1,1,1,125.192,120.36,85.677,154.547,135.7,0.0007,147.837,0.1322,66.94,0.0597,271.4,0.1934,129.585
40,11160,4,2048,51200,256,1,1,1,122.514,68.143,35.497,121.085,122.672,0.0007,147.493,0.1463,60.895,0.0665,245.344,0.2143,117.749
40,11200,4,2048,51200,256,1,1,1,168.46,144.747,102.606,175.889,166.987,0.0007,168.14,0.1104,81.257,0.0492,333.973,0.1611,157.766
40,11240,4,2048,51200,256,1,1,1,121.215,68.153,34.672,111.603,126.973,0.0007,149.079,0.1494,60.454,0.0652,253.945,0.2161,118.437
40,11280,4,2048,51200,256,1,1,1,135.585,114.368,83.751,158.324,151.747,0.0007,146.647,0.1316,69.092,0.055,303.494,0.188,137.057
40,11320,4,2048,51200,256,1,1,1,129.49,72.445,34.571,151.17,134.184,0.0007,147.584,0.1431,63.994,0.0626,268.368,0.2071,125.297
40,11360,4,2048,51200,256,1,1,1,154.027,136.392,101.22,179.262,168.472,0.0007,146.571,0.1246,74.023,0.0502,336.944,0.1762,148.325
40,11400,4,2048,51200,256,1,1,1,122.189,70.045,35.161,121.28,139.583,0.0007,146.826,0.1513,61.346,0.061,279.166,0.2138,123.096
40,11440,4,2048,51200,256,1,1,1,149.428,116.542,82.611,175.174,135.81,0.0007,162.956,0.1221,76.52,0.0632,271.62,0.1867,141.912
40,11480,4,2048,51200,256,1,1,1,138.57,63.022,35.372,109.883,120.743,0.0007,149.053,0.148,63.56,0.0715,241.485,0.221,120.731
40,11520,4,2048,51200,256,1,1,1,139.565,149.969,125.08,150.724,148.446,0.0007,168.496,0.1242,76.261,0.0586,296.892,0.1842,145.832
40,11560,4,2048,51200,256,1,1,1,140.665,62.128,36.613,119.294,136.97,0.0007,164.547,0.1408,67.701,0.0639,273.939,0.2062,131.165
40,11600,4,2048,51200,256,1,1,1,151.542,112.308,85.937,151.014,134.646,0.0007,147.224,0.1323,72.522,0.0655,269.291,0.1993,136.656
40,11640,4,2048,51200,256,1,1,1,133.809,68.701,37.14,120.085,122.391,0.0007,147.591,0.1506,64.141,0.0726,244.781,0.2246,122.064
40,11680,4,2048,51200,256,1,1,1,186.67,144.444,101.6,223.957,152.167,0.0007,148.764,0.1183,82.178,0.0588,304.333,0.1786,154.609
40,11720,4,2048,51200,256,1,1,1,121.763,69.76,36.936,122.217,137.5,0.0007,148.9,0.1562,62.677,0.0655,275.0,0.2231,124.566
40,11760,4,2048,51200,256,1,1,1,136.074,122.122,88.944,118.904,155.431,0.0007,149.884,0.1425,69.143,0.0583,310.861,0.2023,138.325
40,11800,4,2048,51200,256,1,1,1,110.139,66.849,37.573,120.778,122.106,0.0007,159.356,0.1596,62.136,0.0747,244.213,0.2358,119.452
40,11840,4,2048,51200,256,1,1,1,153.661,137.172,107.117,172.057,169.937,0.0007,156.781,0.1281,77.894,0.0541,339.874,0.1837,154.389
40,11880,4,2048,51200,256,1,1,1,120.622,62.569,37.966,110.895,121.419,0.0007,149.287,0.162,62.021,0.0762,242.838,0.2396,119.119
40,11920,4,2048,51200,256,1,1,1,149.589,124.208,90.473,126.082,135.574,0.0007,147.36,0.1406,71.894,0.0687,271.147,0.2108,136.317
40,11960,4,2048,51200,256,1,1,1,120.748,66.178,37.663,120.487,136.66,0.0007,161.539,0.1565,65.027,0.0686,273.32,0.2266,127.665
40,12000,4,2048,51200,256,1,1,1,143.745,134.999,101.192,180.616,152.042,0.0007,149.033,0.1368,74.868,0.0621,304.084,0.2003,145.336
40,12040,4,2048,51200,256,1,1,1,127.569,70.232,38.248,120.557,131.002,0.0007,146.8,0.1607,64.158,0.0725,262.003,0.2347,124.895
40,12080,4,2048,51200,256,1,1,1,152.993,120.284,89.211,128.099,142.617,0.0007,167.309,0.134,77.403,0.0671,285.235,0.2026,145.645
40,12120,4,2048,51200,256,1,1,1,120.034,68.059,38.459,108.52,120.739,0.0007,147.823,0.1677,62.272,0.0797,241.478,0.2489,119.318
40,12160,4,2048,51200,256,1,1,1,153.565,137.756,112.128,187.611,173.355,0.0007,163.551,0.1292,81.313,0.0559,346.709,0.1866,160.186
40,12200,4,2048,51200,256,1,1,1,138.992,66.722,38.622,107.541,142.597,0.0007,149.253,0.1606,65.829,0.0684,285.193,0.2305,130.508
40,12240,4,2048,51200,256,1,1,1,128.589,115.512,95.002,136.139,150.838,0.0007,147.846,0.1526,69.713,0.0651,301.675,0.2192,138.129
40,12280,4,2048,51200,256,1,1,1,122.127,68.788,38.979,122.227,133.212,0.0007,150.22,0.166,64.483,0.0742,266.423,0.2417,126.069
40,12320,4,2048,51200,256,1,1,1,156.505,139.931,103.894,157.011,153.219,0.0008,148.267,0.1401,76.878,0.0649,306.438,0.2066,148.448
40,12360,4,2048,51200,256,1,1,1,137.548,70.201,39.074,121.259,139.593,0.0008,163.492,0.1552,69.866,0.0717,279.187,0.2284,135.117
40,12400,4,2048,51200,256,1,1,1,152.549,123.003,87.003,138.612,131.021,0.0008,149.046,0.1457,74.888,0.0769,262.041,0.2241,138.602
40,12440,4,2048,51200,256,1,1,1,121.542,68.9,39.19,121.034,121.58,0.0008,149.192,0.1702,64.498,0.0834,243.16,0.2551,122.524
40,12480,4,2048,51200,256,1,1,1,166.345,135.052,101.892,152.033,150.158,0.0008,149.565,0.14,78.884,0.068,300.316,0.2095,150.146
40,12520,4,2048,51200,256,1,1,1,120.664,68.728,38.644,126.223,136.62,0.0008,138.377,0.1771,62.757,0.0752,273.24,0.2538,124.727
40,12560,4,2048,51200,256,1,1,1,134.901,116.357,85.366,134.635,156.747,0.0008,147.439,0.1567,71.358,0.066,313.494,0.2242,142.107
40,12600,4,2048,51200,256,1,1,1,138.475,73.128,38.897,109.088,139.289,0.0008,162.874,0.1617,69.556,0.0747,278.577,0.238,134.705
40,12640,4,2048,51200,256,1,1,1,150.062,145.516,105.452,152.149,174.512,0.0008,148.106,0.1481,76.446,0.06,349.025,0.2096,153.907
40,12680,4,2048,51200,256,1,1,1,137.452,71.934,39.298,149.64,121.256,0.0008,160.176,0.1582,71.963,0.0869,242.513,0.2467,131.588
40,12720,4,2048,51200,256,1,1,1,153.034,121.952,87.373,121.3,136.334,0.0008,147.909,0.1543,74.23,0.0778,272.669,0.2337,139.788
40,12760,4,2048,51200,256,1,1,1,120.961,69.363,39.747,124.698,135.433,0.0008,165.005,0.1694,68.057,0.0788,270.865,0.2497,131.616
40,12800,4,2048,51200,256,1,1,1,174.754,151.701,133.99,176.667,143.264,0.0008,147.212,0.1403,82.683,0.0749,286.528,0.2167,152.593
40,12840,4,2048,51200,256,1,1,1,121.353,68.082,40.704,119.792,122.174,0.0008,147.876,0.1791,65.147,0.0884,244.349,0.2691,123.666
40,12880,4,2048,51200,256,1,1,1,154.618,121.689,91.091,154.117,152.608,0.0008,166.739,0.1435,81.805,0.0712,305.216,0.2163,154.808
40,12920,4,2048,51200,256,1,1,1,103.849,72.608,41.002,108.417,140.223,0.0008,148.449,0.1938,60.927,0.078,280.446,0.2734,123.222
40,12960,4,2048,51200,256,1,1,1,151.373,145.924,108.745,152.447,163.235,0.0008,148.328,0.1529,77.699,0.0674,326.469,0.2219,152.766
40,13000,4,2048,51200,256,1,1,1,133.672,72.858,39.673,104.876,141.716,0.0008,149.726,0.1784,66.988,0.0782,283.432,0.2581,132.124
40,13040,4,2048,51200,256,1,1,1,129.966,110.466,93.51,135.359,150.856,0.0008,157.257,0.1631,73.695,0.0739,301.712,0.2385,143.825
40,13080,4,2048,51200,256,1,1,1,120.477,69.942,41.853,119.147,138.265,0.0008,147.136,0.1847,65.472,0.0811,276.531,0.2673,129.113
40,13120,4,2048,51200,256,1,1,1,153.388,148.024,112.649,156.19,152.839,0.0008,147.548,0.1547,78.619,0.0738,305.678,0.2301,150.93
40,13160,4,2048,51200,256,1,1,1,115.897,69.679,42.064,115.419,113.821,0.0008,149.823,0.1886,64.879,0.0997,227.642,0.2898,120.522
40,13200,4,2048,51200,256,1,1,1,135.08,128.026,90.723,134.553,147.629,0.0008,133.843,0.1757,70.037,0.0773,295.258,0.2546,138.028
40,13240,4,2048,51200,256,1,1,1,119.605,74.841,42.259,121.925,138.493,0.0008,134.629,0.1945,63.621,0.083,276.985,0.2791,126.681
40,13280,4,2048,51200,256,1,1,1,154.26,143.821,115.753,153.403,152.704,0.0008,150.776,0.1559,79.872,0.0757,305.409,0.2331,152.556
40,13320,4,2048,51200,256,1,1,1,106.883,73.088,42.413,109.736,137.966,0.0008,163.621,0.193,64.87,0.0843,275.932,0.2789,128.289
40,13360,4,2048,51200,256,1,1,1,114.955,121.025,98.09,127.095,136.167,0.0008,148.815,0.1829,68.854,0.0859,272.334,0.2704,133.097
40,13400,4,2048,51200,256,1,1,1,120.273,70.117,42.829,149.907,134.115,0.0008,149.684,0.185,68.465,0.0877,268.23,0.2743,131.958
40,13440,4,2048,51200,256,1,1,1,159.41,153.722,128.664,125.219,138.416,0.0008,153.472,0.1592,80.009,0.0855,276.832,0.2463,147.845
40,13480,4,2048,51200,256,1,1,1,120.6,66.741,43.619,119.314,133.363,0.0008,153.395,0.1899,67.482,0.0893,266.727,0.2808,130.469
40,13520,4,2048,51200,256,1,1,1,135.791,124.153,92.901,135.397,151.059,0.0008,152.036,0.1714,75.177,0.0793,302.118,0.2523,146.032
40,13560,4,2048,51200,256,1,1,1,133.552,72.232,43.433,109.628,122.089,0.0008,137.17,0.1949,66.513,0.0987,244.178,0.2951,125.567
40,13600,4,2048,51200,256,1,1,1,153.16,142.095,117.689,154.077,160.395,0.0008,168.447,0.1538,84.725,0.0756,320.791,0.231,161.372
40,13640,4,2048,51200,256,1,1,1,134.826,72.996,43.947,137.093,132.339,0.0008,132.118,0.1933,67.796,0.0921,264.679,0.2871,130.605
40,13680,4,2048,51200,256,1,1,1,120.548,125.25,101.004,140.558,134.732,0.0008,145.939,0.185,71.272,0.091,269.463,0.2776,135.855
40,13720,4,2048,51200,256,1,1,1,120.327,68.877,43.827,119.207,121.125,0.0008,146.906,0.1983,66.855,0.1018,242.25,0.3017,125.707
40,13760,4,2048,51200,256,1,1,1,175.903,153.973,117.428,174.83,165.306,0.0008,165.468,0.1473,90.485,0.0751,330.611,0.224,170.315
40,13800,4,2048,51200,256,1,1,1,120.207,68.62,43.279,107.751,120.301,0.0008,148.574,0.2022,66.308,0.1037,240.602,0.3075,124.759
40,13840,4,2048,51200,256,1,1,1,134.332,135.521,94.017,165.172,150.501,0.0008,147.439,0.1762,76.517,0.0834,301.003,0.2612,147.736
40,13880,4,2048,51200,256,1,1,1,135.661,70.932,42.81,104.362,135.707,0.0008,147.533,0.1964,69.025,0.093,271.413,0.2911,133.34
40,13920,4,2048,51200,256,1,1,1,152.371,141.573,116.416,152.833,163.021,0.0008,157.148,0.1649,82.676,0.0779,326.041,0.2444,159.707
40,13960,4,2048,51200,256,1,1,1,122.252,73.938,43.555,120.844,136.228,0.0008,147.64,0.2012,68.14,0.0938,272.455,0.2965,132.37
40,14000,4,2048,51200,256,1,1,1,148.571,118.543,95.124,129.624,135.929,0.0008,147.844,0.178,77.462,0.0945,271.857,0.2741,144.041
40,14040,4,2048,51200,256,1,1,1,121.067,70.016,44.247,122.061,122.556,0.0008,148.15,0.2034,68.158,0.1054,245.112,0.3104,127.9
40,14080,4,2048,51200,256,1,1,1,152.768,154.322,144.387,156.744,154.345,0.0008,148.502,0.1704,81.803,0.0842,308.69,0.2561,155.863
40,14120,4,2048,51200,256,1,1,1,137.549,67.989,44.914,120.358,121.276,0.0008,148.618,0.1956,71.644,0.1077,242.551,0.305,131.648
40,14160,4,2048,51200,256,1,1,1,158.572,123.336,91.94,154.081,140.067,0.0008,149.932,0.1717,82.058,0.0938,280.134,0.2671,151.124
40,14200,4,2048,51200,256,1,1,1,122.639,70.427,45.059,123.296,125.117,0.0008,138.265,0.2111,67.113,0.1056,250.234,0.3183,127.53
40,14240,4,2048,51200,256,1,1,1,153.348,143.285,112.047,154.651,153.34,0.0008,149.536,0.174,81.886,0.0867,306.679,0.2622,155.679
40,14280,4,2048,51200,256,1,1,1,108.45,72.097,45.514,106.305,120.398,0.0008,172.554,0.2104,68.058,0.111,240.796,0.3231,127.067
40,14320,4,2048,51200,256,1,1,1,117.313,126.129,103.202,135.332,135.119,0.0008,150.045,0.1993,72.264,0.0995,270.239,0.3003,137.436
40,14360,4,2048,51200,256,1,1,1,118.165,69.008,45.803,117.82,135.398,0.0008,148.593,0.213,67.965,0.0998,270.796,0.3144,131.998
40,14400,4,2048,51200,256,1,1,1,154.173,145.78,135.164,187.105,151.134,0.0008,146.789,0.1734,83.921,0.0899,302.268,0.265,157.507
40,14440,4,2048,51200,256,1,1,1,120.257,69.439,45.993,120.074,136.105,0.0008,164.448,0.2048,71.439,0.1004,272.21,0.3069,136.748
40,14480,4,2048,51200,256,1,1,1,148.982,119.303,104.33,161.666,151.183,0.0008,132.891,0.1906,77.209,0.0909,302.365,0.2831,149.066
40,14520,4,2048,51200,256,1,1,1,110.247,74.245,46.044,121.886,121.9,0.0008,147.514,0.222,66.613,0.1133,243.8,0.337,125.883
40,14560,4,2048,51200,256,1,1,1,163.142,142.064,116.346,183.485,157.146,0.0008,164.389,0.1647,90.267,0.0884,314.292,0.2548,167.435
40,14600,4,2048,51200,256,1,1,1,112.394,74.821,46.18,108.385,122.83,0.0008,146.737,0.2261,66.13,0.1137,245.66,0.3414,125.621
40,14640,4,2048,51200,256,1,1,1,135.672,121.228,96.462,133.827,146.161,0.0008,147.878,0.1961,76.646,0.0961,292.321,0.2938,146.767
40,14680,4,2048,51200,256,1,1,1,137.178,69.965,38.667,145.132,109.944,0.0008,146.329,0.2055,73.527,0.1285,219.888,0.3356,129.196
40,14720,4,2048,51200,256,1,1,1,152.868,146.509,138.751,153.185,156.852,0.0008,159.64,0.1771,85.748,0.0905,313.704,0.2693,161.879
40,14760,4,2048,51200,256,1,1,1,137.751,69.1,46.788,148.281,139.141,0.0008,148.54,0.2029,75.244,0.1026,278.282,0.3072,142.672
40,14800,4,2048,51200,256,1,1,1,134.429,126.209,99.453,136.517,144.465,0.0008,148.67,0.1988,77.199,0.0994,288.93,0.2998,146.954
40,14840,4,2048,51200,256,1,1,1,120.301,70.145,38.475,120.224,128.53,0.0008,148.682,0.2238,68.952,0.1123,257.061,0.3377,131.168
40,14880,4,2048,51200,256,1,1,1,153.542,146.138,115.896,153.673,151.987,0.0008,149.391,0.1858,83.488,0.0955,303.974,0.2829,157.429
40,14920,4,2048,51200,256,1,1,1,120.73,72.827,47.481,118.912,121.091,0.0008,147.263,0.2237,69.689,0.1205,242.183,0.3458,129.452
40,14960,4,2048,51200,256,1,1,1,134.505,122.118,98.937,133.611,143.805,0.0008,154.47,0.1997,78.491,0.102,287.61,0.3033,148.394
40,15000,4,2048,51200,256,1,1,1,104.839,70.536,47.118,108.142,134.239,0.0008,165.166,0.2336,67.439,0.1098,268.479,0.3451,131.12
40,15040,4,2048,51200,256,1,1,1,139.914,156.769,122.81,155.795,153.965,0.0008,148.468,0.1956,80.966,0.0963,307.93,0.2935,154.984
40,15080,4,2048,51200,256,1,1,1,140.22,70.562,38.966,104.89,129.15,0.0008,161.036,0.2139,74.39,0.1154,258.301,0.331,138.14
40,15120,4,2048,51200,256,1,1,1,157.153,125.077,105.328,112.874,135.394,0.0008,148.398,0.199,80.376,0.1107,270.788,0.3113,147.639
40,15160,4,2048,51200,256,1,1,1,120.57,71.946,46.919,119.992,136.545,0.0008,150.363,0.2276,70.659,0.1103,273.09,0.3395,136.087
40,15200,4,2048,51200,256,1,1,1,151.033,137.586,115.357,181.769,137.451,0.0008,147.958,0.1903,84.917,0.1102,274.902,0.3021,153.732
40,15240,4,2048,51200,256,1,1,1,120.163,73.054,47.753,107.437,120.564,0.0008,147.751,0.2347,69.225,0.1263,241.127,0.3625,128.776
40,15280,4,2048,51200,256,1,1,1,142.289,125.483,107.451,134.358,153.267,0.0008,168.617,0.194,84.159,0.0998,306.534,0.2955,158.828
40,15320,4,2048,51200,256,1,1,1,137.98,71.268,47.844,138.361,134.59,0.0008,133.709,0.2255,72.779,0.1143,269.18,0.3414,138.171
40,15360,4,2048,51200,256,1,1,1,105.151,165.068,168.624,126.17,107.762,0.0008,135.445,0.2422,68.087,0.1435,215.524,0.3873,122.419
40,15400,4,2048,51200,256,1,1,1,121.265,68.736,48.816,120.477,121.957,0.0008,146.765,0.2345,70.685,0.1274,243.914,0.3636,131.083
40,15440,4,2048,51200,256,1,1,1,149.49,119.804,100.277,157.55,141.929,0.0008,165.184,0.1911,87.189,0.1101,283.858,0.3028,158.207
40,15480,4,2048,51200,256,1,1,1,110.946,73.072,48.945,118.105,107.975,0.0008,147.076,0.2454,68.224,0.1454,215.95,0.3925,122.675
40,15520,4,2048,51200,256,1,1,1,152.412,155.862,121.354,142.807,157.587,0.0008,135.646,0.2089,80.542,0.1002,315.174,0.3107,155.753
40,15560,4,2048,51200,256,1,1,1,119.431,69.901,48.931,121.111,121.122,0.0008,149.069,0.2381,71.027,0.131,242.244,0.3708,131.206
40,15600,4,2048,51200,256,1,1,1,151.091,130.401,97.66,114.704,148.716,0.0008,153.406,0.2086,81.472,0.1072,297.433,0.3175,153.995
40,15640,4,2048,51200,256,1,1,1,110.854,70.851,49.382,104.911,120.923,0.0008,147.707,0.2535,67.374,0.1326,241.846,0.3877,126.741
40,15680,4,2048,51200,256,1,1,1,150.8,147.628,132.032,150.442,168.59,0.0008,164.124,0.1946,88.205,0.0956,337.18,0.2918,169.251
40,15720,4,2048,51200,256,1,1,1,135.055,70.594,49.576,107.95,135.243,0.0008,147.596,0.2349,73.436,0.1197,270.487,0.3563,139.319
40,15760,4,2048,51200,256,1,1,1,135.965,136.417,111.831,127.524,137.687,0.0008,161.084,0.2124,81.625,0.1182,275.375,0.3322,150.162
40,15800,4,2048,51200,256,1,1,1,136.527,73.498,49.287,121.096,138.5,0.0008,160.568,0.2242,77.714,0.1181,277.0,0.3439,145.783
40,15840,4,2048,51200,256,1,1,1,153.43,146.416,122.11,153.425,153.047,0.0008,148.351,0.2047,85.512,0.1074,306.095,0.3138,160.583
40,15880,4,2048,51200,256,1,1,1,135.54,72.987,49.938,135.307,122.586,0.0008,164.498,0.2209,79.626,0.1348,245.173,0.3574,141.705
40,15920,4,2048,51200,256,1,1,1,152.849,128.648,108.31,127.156,143.572,0.0008,148.575,0.2131,82.947,0.1157,287.145,0.3305,154.019
40,15960,4,2048,51200,256,1,1,1,121.361,53.136,50.504,120.436,130.976,0.0008,147.889,0.249,71.336,0.1275,261.952,0.3781,135.271
40,16000,4,2048,51200,256,1,1,1,154.859,159.003,135.881,141.291,152.985,0.0008,148.613,0.2086,85.583,0.1097,305.97,0.3199,160.703
40,16040,4,2048,51200,256,1,1,1,120.408,68.882,50.541,120.003,128.776,0.0008,159.466,0.243,73.82,0.1309,257.553,0.3756,137.547
40,16080,4,2048,51200,256,1,1,1,113.26,122.43,119.972,127.247,134.426,0.0008,149.607,0.2446,73.699,0.1261,268.852,0.3723,139.452
40,16120,4,2048,51200,256,1,1,1,137.025,72.566,41.203,118.837,134.502,0.0008,148.624,0.2406,75.276,0.1266,269.003,0.3689,141.433
40,16160,4,2048,51200,256,1,1,1,159.823,152.675,131.581,138.737,154.156,0.0008,148.854,0.2099,86.705,0.111,308.312,0.3226,162.539
40,16200,4,2048,51200,256,1,1,1,120.987,73.514,50.96,119.188,108.267,0.0008,132.637,0.2632,69.474,0.1589,216.535,0.4237,124.338
40,16240,4,2048,51200,256,1,1,1,134.278,126.318,108.933,158.144,136.226,0.0008,147.329,0.2256,81.428,0.1269,272.451,0.3542,149.481
40,16280,4,2048,51200,256,1,1,1,122.3,71.348,50.82,120.669,121.674,0.0008,155.14,0.2489,74.164,0.1428,243.349,0.3933,135.254
40,16320,4,2048,51200,256,1,1,1,146.528,155.818,129.77,143.529,153.231,0.0008,136.904,0.2275,81.547,0.1139,306.463,0.343,155.846
40,16360,4,2048,51200,256,1,1,1,120.489,63.7,41.724,120.449,126.41,0.0008,149.44,0.2592,71.908,0.1388,252.82,0.3996,134.429
40,16400,4,2048,51200,256,1,1,1,149.356,137.285,111.28,113.922,152.933,0.0008,163.48,0.2203,85.007,0.1153,305.865,0.3372,160.062
40,16440,4,2048,51200,256,1,1,1,108.431,74.09,50.537,104.993,121.873,0.0009,148.388,0.276,68.176,0.1453,243.746,0.4231,128.212
40,16480,4,2048,51200,256,1,1,1,154.061,147.225,129.895,154.443,156.642,0.0009,166.469,0.2065,91.541,0.1136,313.284,0.3219,169.331
40,16520,4,2048,51200,256,1,1,1,137.297,74.974,51.251,108.59,121.51,0.0009,147.875,0.2508,75.734,0.1472,243.02,0.3997,137.001
40,16560,4,2048,51200,256,1,1,1,135.059,121.163,111.022,134.974,139.132,0.0009,166.777,0.226,84.45,0.1292,278.264,0.3569,154.183
40,16600,4,2048,51200,256,1,1,1,134.468,71.646,51.289,119.647,124.832,0.0009,162.98,0.2425,79.053,0.1447,249.664,0.389,142.15
40,16640,4,2048,51200,256,1,1,1,143.819,165.352,168.733,147.09,147.226,0.0009,148.901,0.2259,85.271,0.1233,294.452,0.3509,158.32
40,16680,4,2048,51200,256,1,1,1,134.436,69.318,48.976,144.317,119.585,0.0009,160.331,0.2401,80.61,0.1525,239.171,0.3943,141.557
40,16720,4,2048,51200,256,1,1,1,152.75,124.609,109.079,126.692,146.869,0.0009,147.331,0.231,84.186,0.1247,293.737,0.3575,156.895
40,16760,4,2048,51200,256,1,1,1,123.05,54.401,42.426,120.794,132.36,0.0009,147.66,0.2691,72.586,0.1391,264.719,0.41,137.451
40,16800,4,2048,51200,256,1,1,1,155.676,160.951,130.829,145.903,152.214,0.0009,148.617,0.2234,87.827,0.1215,304.427,0.3467,163.286
40,16840,4,2048,51200,256,1,1,1,121.935,73.579,51.448,121.41,129.855,0.0009,150.053,0.2654,74.288,0.1431,259.71,0.4103,138.642
40,16880,4,2048,51200,256,1,1,1,135.229,119.971,110.874,163.119,143.503,0.0009,150.392,0.2362,83.865,0.1301,287.005,0.3681,155.274
40,16920,4,2048,51200,256,1,1,1,141.822,71.886,51.27,107.289,120.727,0.0009,135.478,0.2667,74.613,0.1554,241.454,0.4239,135.466
40,16960,4,2048,51200,256,1,1,1,160.947,149.942,137.361,142.176,161.473,0.0009,170.409,0.2124,94.103,0.1167,322.946,0.331,174.318
40,17000,4,2048,51200,256,1,1,1,134.532,72.442,51.07,119.623,125.137,0.0009,157.649,0.2547,78.849,0.1514,250.275,0.4078,142.119
40,17040,4,2048,51200,256,1,1,1,148.492,120.101,112.129,157.866,143.585,0.0009,134.175,0.2426,83.138,0.1325,287.171,0.377,154.471
40,17080,4,2048,51200,256,1,1,1,107.793,74.523,53.013,120.402,108.232,0.0009,148.861,0.2875,70.493,0.1766,216.464,0.4659,125.561
40,17120,4,2048,51200,256,1,1,1,151.958,151.641,128.462,157.867,151.683,0.0009,156.992,0.225,90.493,0.1266,303.365,0.3534,166.312
40,17160,4,2048,51200,256,1,1,1,138.806,75.258,49.963,108.068,129.737,0.0009,168.047,0.2538,80.59,0.1487,259.474,0.4043,146.04
40,17200,4,2048,51200,256,1,1,1,155.332,134.098,115.315,133.214,134.08,0.0009,147.745,0.237,86.69,0.1446,268.16,0.3834,154.729
40,17240,4,2048,51200,256,1,1,1,120.459,68.785,43.708,118.769,120.119,0.0009,147.625,0.2819,73.205,0.1622,240.239,0.4459,133.657
40,17280,4,2048,51200,256,1,1,1,147.023,149.63,145.637,147.173,161.337,0.0009,165.903,0.2283,90.797,0.1213,322.675,0.3514,170.368
40,17320,4,2048,51200,256,1,1,1,120.562,59.842,44.234,113.706,125.909,0.0009,148.951,0.2859,72.825,0.1561,251.818,0.4439,135.491
40,17360,4,2048,51200,256,1,1,1,147.066,121.501,118.888,128.098,136.565,0.0009,148.176,0.2472,84.596,0.1446,273.131,0.3937,153.464
40,17400,4,2048,51200,256,1,1,1,102.681,73.497,53.83,94.257,107.924,0.0009,146.843,0.3157,66.539,0.1838,215.847,0.5014,121.042
40,17440,4,2048,51200,256,1,1,1,153.645,147.329,132.054,151.727,153.0,0.0009,163.197,0.2282,92.481,0.1303,306.0,0.3603,169.222
40,17480,4,2048,51200,256,1,1,1,131.529,72.926,53.965,137.235,127.468,0.0009,164.161,0.2589,81.877,0.1571,254.936,0.4178,146.584
40,17520,4,2048,51200,256,1,1,1,125.474,128.402,117.168,133.971,134.973,0.0009,150.559,0.265,80.35,0.149,269.946,0.4159,147.946
40,17560,4,2048,51200,256,1,1,1,131.649,65.567,45.991,130.525,115.795,0.0009,150.633,0.2734,78.219,0.1745,231.589,0.4498,137.41
40,17600,4,2048,51200,256,1,1,1,160.652,156.903,126.339,155.223,154.421,0.0009,148.214,0.2355,91.21,0.1315,308.842,0.3688,168.333
40,17640,4,2048,51200,256,1,1,1,141.785,54.132,42.951,120.842,140.93,0.0009,148.587,0.2744,78.642,0.1447,281.861,0.4209,148.161
40,17680,4,2048,51200,256,1,1,1,152.941,131.74,110.5,161.734,141.606,0.0009,148.505,0.2419,89.604,0.1447,283.212,0.3884,161.297
40,17720,4,2048,51200,256,1,1,1,109.243,71.331,53.663,120.604,121.554,0.0009,152.837,0.3006,72.411,0.1693,243.108,0.4717,133.386
40,17760,4,2048,51200,256,1,1,1,151.781,153.037,128.222,180.545,154.055,0.0009,148.401,0.2397,91.21,0.1342,308.11,0.3757,168.227
40,17800,4,2048,51200,256,1,1,1,135.012,73.233,53.914,106.974,120.418,0.0009,148.477,0.2837,77.409,0.1724,240.837,0.458,138.632
40,17840,4,2048,51200,256,1,1,1,144.828,121.612,112.587,133.713,148.424,0.0009,151.327,0.2561,86.104,0.1405,296.849,0.3985,160.019
40,17880,4,2048,51200,256,1,1,1,129.258,68.285,54.099,119.735,139.523,0.0009,163.339,0.277,79.964,0.1502,279.045,0.429,149.298
40,17920,4,2048,51200,256,1,1,1,138.073,164.702,178.787,149.858,149.08,0.0009,150.515,0.2563,86.8,0.1412,298.16,0.3993,161.122
40,17960,4,2048,51200,256,1,1,1,120.258,52.625,44.812,118.977,120.575,0.0009,149.177,0.3021,73.952,0.1753,241.15,0.4793,134.822
40,18000,4,2048,51200,256,1,1,1,146.822,122.792,115.673,115.901,152.898,0.0009,135.514,0.2758,81.36,0.1389,305.796,0.4166,155.823
40,18040,4,2048,51200,256,1,1,1,118.517,71.858,54.557,108.902,126.521,0.0009,148.923,0.3051,73.882,0.1686,253.042,0.4755,137.108
40,18080,4,2048,51200,256,1,1,1,151.585,159.501,136.128,139.865,157.088,0.0009,167.209,0.2433,93.057,0.1364,314.176,0.3815,171.652
40,18120,4,2048,51200,256,1,1,1,106.947,73.318,55.039,103.726,131.224,0.0009,148.302,0.3246,70.037,0.164,262.448,0.4904,134.103
40,18160,4,2048,51200,256,1,1,1,127.854,123.111,114.381,134.397,151.234,0.0009,155.23,0.2754,82.904,0.1429,302.467,0.4202,157.217
40,18200,4,2048,51200,256,1,1,1,121.322,55.159,45.522,136.666,139.537,0.0009,147.42,0.302,75.936,0.1556,279.073,0.4594,144.419
40,18240,4,2048,51200,256,1,1,1,152.495,156.179,146.017,152.927,152.052,0.0009,147.885,0.2545,90.499,0.1434,304.104,0.3997,166.708
40,18280,4,2048,51200,256,1,1,1,130.288,71.917,45.07,119.82,132.404,0.0009,166.243,0.2861,80.823,0.1654,264.809,0.4534,147.605
40,18320,4,2048,51200,256,1,1,1,139.965,121.049,117.346,133.816,126.879,0.0009,148.795,0.2726,85.212,0.1734,253.757,0.4478,150.108
40,18360,4,2048,51200,256,1,1,1,119.014,55.63,55.336,118.929,119.846,0.0009,147.974,0.3119,74.769,0.1843,239.692,0.4982,135.513
40,18400,4,2048,51200,256,1,1,1,151.79,159.292,141.505,154.423,154.818,0.0009,148.619,0.2576,90.91,0.1433,309.635,0.4028,168.306
40,18440,4,2048,51200,256,1,1,1,118.111,52.062,45.251,116.641,126.127,0.0009,147.893,0.3194,73.64,0.1767,252.254,0.498,136.733
40,18480,4,2048,51200,256,1,1,1,141.895,123.857,114.112,155.676,142.199,0.0009,150.043,0.268,88.14,0.1574,284.398,0.4273,160.049
40,18520,4,2048,51200,256,1,1,1,106.371,69.09,56.512,106.155,125.108,0.0009,162.088,0.3273,72.483,0.1797,250.217,0.5088,134.973
40,18560,4,2048,51200,256,1,1,1,141.402,152.982,162.596,152.017,162.136,0.0009,154.114,0.2658,89.623,0.1392,324.271,0.4069,169.506
40,18600,4,2048,51200,256,1,1,1,136.349,70.505,45.724,107.86,136.896,0.0009,151.55,0.3027,79.02,0.1656,273.793,0.4702,147.305
40,18640,4,2048,51200,256,1,1,1,143.135,130.531,114.86,115.969,134.305,0.0009,147.756,0.2845,84.445,0.1695,268.61,0.4559,152.586
40,18680,4,2048,51200,256,1,1,1,121.685,57.719,56.587,121.367,130.912,0.0009,161.163,0.3072,78.517,0.1747,261.823,0.4838,144.403
40,18720,4,2048,51200,256,1,1,1,164.985,157.46,148.3,172.241,138.167,0.0009,148.094,0.252,96.122,0.1662,276.335,0.4201,166.997
40,18760,4,2048,51200,256,1,1,1,120.105,56.547,57.057,119.717,120.606,0.0009,148.929,0.32,76.005,0.1912,241.212,0.5132,137.292
40,18800,4,2048,51200,256,1,1,1,153.842,116.551,113.654,157.4,141.754,0.0009,149.971,0.2658,91.88,0.1634,283.509,0.4311,164.109
40,18840,4,2048,51200,256,1,1,1,128.358,72.74,46.454,107.602,126.43,0.0009,147.609,0.3193,76.804,0.184,252.86,0.5052,140.632
40,18880,4,2048,51200,256,1,1,1,151.323,157.759,136.94,150.891,153.22,0.0009,148.978,0.2694,91.404,0.1525,306.44,0.4238,168.36
40,18920,4,2048,51200,256,1,1,1,138.199,72.191,46.071,103.337,124.82,0.0009,153.804,0.3098,79.815,0.1879,249.64,0.4997,143.39
40,18960,4,2048,51200,256,1,1,1,134.036,132.353,122.611,131.939,133.716,0.0009,154.884,0.2891,85.878,0.1762,267.433,0.4672,153.991
40,19000,4,2048,51200,256,1,1,1,119.163,58.061,57.568,118.842,120.678,0.001,147.673,0.3287,75.865,0.196,241.356,0.5266,137.2
40,19040,4,2048,51200,256,1,1,1,152.64,152.497,142.734,153.619,150.261,0.0009,134.301,0.283,88.469,0.1581,300.523,0.443,163.778
40,19080,4,2048,51200,256,1,1,1,130.988,74.268,58.155,106.326,120.328,0.001,146.133,0.3219,78.105,0.1983,240.656,0.522,139.559
40,19120,4,2048,51200,256,1,1,1,133.553,136.751,134.427,133.892,138.436,0.0009,160.568,0.2886,87.452,0.1731,276.871,0.4636,157.807
40,19160,4,2048,51200,256,1,1,1,138.118,72.605,58.776,139.114,128.415,0.001,169.597,0.2884,87.868,0.1874,256.829,0.4777,153.785
40,19200,4,2048,51200,256,1,1,1,144.827,176.089,186.082,147.322,147.494,0.0009,150.17,0.2805,90.729,0.1638,294.988,0.4462,165.333
40,19240,4,2048,51200,256,1,1,1,138.324,71.376,47.26,105.681,127.752,0.001,166.233,0.3087,82.764,0.1899,255.505,0.5005,147.984
40,19280,4,2048,51200,256,1,1,1,149.563,127.858,125.327,126.237,134.351,0.001,147.131,0.2906,88.297,0.1813,268.701,0.4738,156.987
40,19320,4,2048,51200,256,1,1,1,133.966,55.076,46.314,119.733,123.971,0.001,148.153,0.3232,79.702,0.1973,247.942,0.5224,142.956
40,19360,4,2048,51200,256,1,1,1,154.388,160.054,145.107,138.512,152.748,0.0009,149.342,0.2809,92.057,0.1608,305.495,0.4437,169.028
40,19400,4,2048,51200,256,1,1,1,120.481,55.648,47.737,137.666,140.222,0.001,151.924,0.3308,78.501,0.1759,280.444,0.5086,148.047
40,19440,4,2048,51200,256,1,1,1,135.149,129.657,120.233,115.403,152.514,0.001,148.567,0.3113,83.746,0.1624,305.028,0.4756,158.964
40,19480,4,2048,51200,256,1,1,1,126.669,72.045,59.978,106.972,120.304,0.001,135.624,0.3458,75.692,0.2067,240.608,0.5545,136.915
40,19520,4,2048,51200,256,1,1,1,155.174,150.399,155.042,150.667,153.851,0.001,163.59,0.2708,97.049,0.1623,307.702,0.435,175.221
40,19560,4,2048,51200,256,1,1,1,122.857,71.056,60.555,138.552,122.294,0.001,133.378,0.3414,77.288,0.205,244.588,0.5484,139.571
40,19600,4,2048,51200,256,1,1,1,114.622,133.855,131.943,133.746,134.268,0.001,148.675,0.3323,79.727,0.1875,268.536,0.5217,147.295
40,19640,4,2048,51200,256,1,1,1,124.32,55.755,47.584,119.421,122.171,0.001,148.851,0.3418,77.82,0.2069,244.342,0.5506,140.125
40,19680,4,2048,51200,256,1,1,1,153.52,154.02,139.524,152.537,153.904,0.001,137.815,0.2944,90.7,0.1649,307.808,0.4612,167.954
40,19720,4,2048,51200,256,1,1,1,120.593,57.087,60.903,119.332,127.228,0.001,147.955,0.3462,77.448,0.2003,254.456,0.5484,141.833
40,19760,4,2048,51200,256,1,1,1,139.14,133.118,124.375,111.563,146.495,0.001,152.916,0.314,85.721,0.1747,292.99,0.4906,159.188
40,19800,4,2048,51200,256,1,1,1,104.499,71.715,61.24,102.436,131.927,0.001,154.12,0.375,72.06,0.1947,263.854,0.5717,137.157
40,19840,4,2048,51200,256,1,1,1,151.839,158.556,149.675,154.402,157.789,0.001,164.16,0.2792,97.157,0.1635,315.578,0.4446,177.058
40,19880,4,2048,51200,256,1,1,1,128.871,71.297,60.817,120.943,125.652,0.001,146.457,0.3385,80.465,0.2061,251.303,0.5465,144.616
40,19920,4,2048,51200,256,1,1,1,134.55,127.622,127.771,134.086,136.506,0.001,163.261,0.3063,89.276,0.1905,273.012,0.4987,159.12
40,19960,4,2048,51200,256,1,1,1,129.011,73.83,51.009,120.64,128.145,0.001,165.243,0.3294,83.325,0.2038,256.289,0.5351,148.884
40,20000,4,2048,51200,256,1,1,1,151.167,153.652,144.868,151.317,151.861,0.001,150.439,0.2939,93.764,0.1726,303.723,0.4684,170.752
40,20040,4,2048,51200,256,1,1,1,127.639,56.923,51.921,137.266,120.534,0.001,155.704,0.3353,82.502,0.2184,241.068,0.5556,144.533
40,20080,4,2048,51200,256,1,1,1,152.51,133.247,119.421,125.761,137.975,0.001,147.139,0.3077,90.27,0.1915,275.949,0.5011,160.889
40,20120,4,2048,51200,256,1,1,1,120.273,54.214,48.6,119.004,126.643,0.001,149.293,0.3606,77.323,0.2095,253.286,0.572,141.508
40,20160,4,2048,51200,256,1,1,1,166.409,168.35,143.405,168.045,147.406,0.001,148.57,0.2822,99.167,0.1807,294.812,0.4648,174.809
40,20200,4,2048,51200,256,1,1,1,118.69,72.015,62.325,119.184,129.211,0.001,148.134,0.3597,78.102,0.207,258.422,0.5686,143.465
40,20240,4,2048,51200,256,1,1,1,148.864,129.219,132.664,133.034,137.456,0.001,163.308,0.3001,94.002,0.1953,274.912,0.4973,164.691
40,20280,4,2048,51200,256,1,1,1,122.684,74.535,62.06,130.535,125.851,0.001,133.529,0.3639,77.81,0.2142,251.702,0.58,141.762
40,20320,4,2048,51200,256,1,1,1,139.746,153.285,141.839,158.817,150.34,0.001,147.365,0.3127,90.883,0.18,300.681,0.4947,166.868
40,20360,4,2048,51200,256,1,1,1,125.767,74.644,50.817,118.834,127.548,0.001,162.521,0.3468,82.264,0.213,255.096,0.5618,147.508
40,20400,4,2048,51200,256,1,1,1,147.268,130.161,130.123,149.875,118.955,0.001,136.203,0.3206,89.354,0.2293,237.91,0.5518,150.771
40,20440,4,2048,51200,256,1,1,1,107.646,55.837,63.315,120.142,120.487,0.001,147.85,0.3868,74.328,0.2272,240.974,0.616,135.569
40,20480,4,2048,51200,256,1,1,1,152.348,178.592,202.731,181.427,153.229,0.001,135.585,0.3071,93.969,0.1794,306.458,0.4885,171.639
40,20520,4,2048,51200,256,1,1,1,135.881,72.78,39.462,106.832,127.872,0.001,146.767,0.3611,80.237,0.2158,255.744,0.5789,145.394
40,20560,4,2048,51200,256,1,1,1,133.661,124.797,69.956,133.01,143.296,0.001,148.241,0.3393,85.726,0.1933,286.592,0.5346,158.051
40,20600,4,2048,51200,256,1,1,1,135.316,74.756,34.026,134.152,124.616,0.001,149.009,0.3515,83.053,0.2232,249.233,0.5767,147.076
40,20640,4,2048,51200,256,1,1,1,152.45,154.753,124.258,151.377,152.276,0.001,150.499,0.3086,94.972,0.1833,304.552,0.4939,172.388
40,20680,4,2048,51200,256,1,1,1,119.66,75.138,39.633,119.756,133.795,0.001,162.316,0.3678,79.976,0.2095,267.589,0.5793,147.547
40,20720,4,2048,51200,256,1,1,1,141.08,126.785,98.569,124.92,124.302,0.001,147.904,0.3359,87.893,0.2263,248.605,0.5643,152.045
40,20760,4,2048,51200,256,1,1,1,118.337,55.77,39.926,140.567,119.136,0.001,147.9,0.3769,78.63,0.2371,238.272,0.616,139.809
40,20800,4,2048,51200,256,1,1,1,148.843,160.477,132.646,151.206,150.183,0.001,146.634,0.3184,93.448,0.1888,300.366,0.5092,169.802
40,20840,4,2048,51200,256,1,1,1,118.708,54.329,40.045,104.656,126.957,0.001,133.674,0.4089,73.023,0.2242,253.914,0.6352,136.638
40,20880,4,2048,51200,256,1,1,1,133.719,124.939,96.448,133.876,134.284,0.001,149.616,0.3436,87.245,0.2128,268.568,0.5584,156.024
40,20920,4,2048,51200,256,1,1,1,130.216,75.032,39.458,105.327,131.512,0.001,152.551,0.3755,80.13,0.2181,263.024,0.5956,146.828
40,20960,4,2048,51200,256,1,1,1,157.28,158.601,127.972,152.076,152.817,0.001,149.022,0.3125,96.621,0.1884,305.634,0.503,174.522
40,21000,4,2048,51200,256,1,1,1,134.01,75.173,34.314,138.141,134.498,0.001,147.097,0.3637,83.335,0.2149,268.996,0.5807,151.749
40,21040,4,2048,51200,256,1,1,1,140.018,122.533,67.904,112.266,135.462,0.001,148.641,0.3549,85.724,0.2142,270.924,0.5711,154.868
40,21080,4,2048,51200,256,1,1,1,105.417,56.035,40.319,119.938,118.401,0.001,161.473,0.4076,74.923,0.246,236.801,0.6556,135.422
40,21120,4,2048,51200,256,1,1,1,149.744,166.074,134.029,149.612,150.821,0.001,161.329,0.3146,97.415,0.1938,301.641,0.5105,174.566
40,21160,4,2048,51200,256,1,1,1,123.065,71.194,40.285,134.134,127.346,0.001,135.817,0.3918,78.516,0.2304,254.692,0.6243,143.283
40,21200,4,2048,51200,256,1,1,1,112.26,122.776,94.228,132.865,112.563,0.001,136.354,0.396,77.978,0.2617,225.126,0.6597,136.102
40,21240,4,2048,51200,256,1,1,1,118.847,56.396,40.144,120.244,119.219,0.001,148.834,0.3982,77.837,0.248,238.438,0.6482,139.033
40,21280,4,2048,51200,256,1,1,1,152.574,147.59,118.794,172.788,152.49,0.001,136.099,0.3308,94.021,0.1946,304.98,0.5275,171.486
40,21320,4,2048,51200,256,1,1,1,136.196,74.884,39.909,105.966,128.712,0.001,146.789,0.3836,81.378,0.2314,257.423,0.6171,147.125
40,21360,4,2048,51200,256,1,1,1,135.104,120.994,66.121,134.072,134.718,0.001,152.767,0.3558,88.068,0.222,269.435,0.5798,157.182
40,21400,4,2048,51200,256,1,1,1,131.165,54.988,35.139,131.444,121.729,0.001,148.743,0.3829,82.138,0.2466,243.458,0.6315,144.851
40,21440,4,2048,51200,256,1,1,1,150.55,148.295,134.86,171.133,153.001,0.001,149.384,0.3247,97.22,0.1969,306.003,0.5236,175.344
40,21480,4,2048,51200,256,1,1,1,108.597,70.169,39.706,119.651,118.809,0.001,149.271,0.4211,75.222,0.2545,237.617,0.6777,135.975
40,21520,4,2048,51200,256,1,1,1,133.516,130.636,95.535,133.007,134.438,0.001,171.096,0.3461,91.857,0.2258,268.876,0.574,161.151
40,21560,4,2048,51200,256,1,1,1,123.249,77.065,34.771,119.372,131.088,0.001,166.53,0.388,82.249,0.2324,262.176,0.6224,149.15
40,21600,4,2048,51200,256,1,1,1,151.117,169.756,131.308,150.793,150.566,0.001,149.794,0.3332,96.118,0.2031,301.133,0.5383,173.085
40,21640,4,2048,51200,256,1,1,1,132.637,74.45,35.789,134.301,120.531,0.001,151.933,0.3802,84.543,0.2546,241.061,0.6369,146.839
40,21680,4,2048,51200,256,1,1,1,148.799,127.487,74.627,124.933,138.055,0.001,147.067,0.356,90.609,0.2231,276.111,0.5812,161.495
40,21720,4,2048,51200,256,1,1,1,119.563,53.963,40.269,119.659,126.116,0.001,134.096,0.426,75.995,0.2451,252.231,0.6733,139.931
40,21760,4,2048,51200,256,1,1,1,160.125,177.595,144.741,168.226,139.735,0.001,149.402,0.3228,100.657,0.2221,279.471,0.5469,172.878
40,21800,4,2048,51200,256,1,1,1,104.203,55.486,40.767,117.929,123.797,0.001,147.251,0.4455,73.193,0.2516,247.594,0.6992,135.727
40,21840,4,2048,51200,256,1,1,1,112.89,124.824,71.736,132.531,134.047,0.001,150.449,0.4045,80.902,0.2332,268.094,0.6398,148.867
40,21880,4,2048,51200,256,1,1,1,118.528,56.4,35.518,105.135,124.997,0.0011,154.061,0.426,77.104,0.251,249.993,0.6791,140.771
40,21920,4,2048,51200,256,1,1,1,151.227,156.091,124.001,138.415,150.041,0.001,150.672,0.3457,95.336,0.2099,300.082,0.5577,172.031
40,21960,4,2048,51200,256,1,1,1,118.673,57.428,40.944,118.921,124.131,0.0011,150.85,0.4191,78.922,0.2546,248.262,0.6758,142.472
40,22000,4,2048,51200,256,1,1,1,140.452,126.607,80.536,132.471,143.664,0.001,165.766,0.3556,93.36,0.2208,287.328,0.5785,167.057
40,22040,4,2048,51200,256,1,1,1,121.481,72.831,40.908,132.118,125.242,0.0011,132.734,0.4243,78.514,0.2542,250.484,0.6806,142.498
40,22080,4,2048,51200,256,1,1,1,137.999,148.626,132.63,166.155,151.191,0.001,150.27,0.3555,94.03,0.2113,302.381,0.569,171.072
40,22120,4,2048,51200,256,1,1,1,129.32,54.325,35.133,118.318,123.987,0.0011,149.701,0.4125,81.342,0.2586,247.975,0.6732,145.103
40,22160,4,2048,51200,256,1,1,1,124.468,126.232,97.159,111.873,135.46,0.001,134.586,0.4175,80.646,0.2376,270.919,0.6572,149.175
40,22200,4,2048,51200,256,1,1,1,119.237,56.071,40.964,106.4,125.652,0.0011,145.998,0.4381,77.13,0.257,251.305,0.6972,141.11
40,22240,4,2048,51200,256,1,1,1,153.234,159.493,129.916,138.576,138.821,0.0011,154.631,0.3482,97.378,0.2335,277.642,0.5838,169.127
40,22280,4,2048,51200,256,1,1,1,103.4,56.345,41.043,119.389,119.541,0.0011,147.483,0.4623,73.605,0.2721,239.082,0.7366,134.533
40,22320,4,2048,51200,256,1,1,1,133.571,124.665,104.534,133.036,139.113,0.0011,160.333,0.3746,91.149,0.2347,278.226,0.6114,162.644
40,22360,4,2048,51200,256,1,1,1,124.376,71.563,35.735,118.619,125.962,0.0011,153.593,0.4202,81.541,0.2601,251.924,0.6825,146.228
40,22400,4,2048,51200,256,1,1,1,150.699,164.641,145.426,151.111,150.419,0.0011,154.191,0.3497,98.344,0.2186,300.837,0.5704,175.594
40,22440,4,2048,51200,256,1,1,1,129.823,54.558,36.192,133.483,118.491,0.0011,168.337,0.3989,86.508,0.2785,236.982,0.6795,147.911
40,22480,4,2048,51200,256,1,1,1,142.126,140.781,76.257,123.817,133.481,0.0011,147.82,0.3845,90.068,0.2481,266.963,0.6347,158.918
40,22520,4,2048,51200,256,1,1,1,119.975,56.151,41.261,120.181,122.741,0.0011,137.878,0.4457,77.963,0.2708,245.482,0.7186,140.858
40,22560,4,2048,51200,256,1,1,1,154.969,159.202,120.096,176.601,150.35,0.0011,147.42,0.3481,100.176,0.2218,300.701,0.572,177.573
40,22600,4,2048,51200,256,1,1,1,104.7,57.521,36.084,118.084,119.562,0.0011,147.747,0.4732,73.949,0.28,239.124,0.7553,134.97
40,22640,4,2048,51200,256,1,1,1,133.331,130.53,102.074,133.44,139.645,0.0011,147.269,0.3941,89.089,0.2406,279.289,0.6368,160.643
40,22680,4,2048,51200,256,1,1,1,120.659,72.458,41.164,118.929,122.077,0.0011,157.846,0.4299,81.951,0.2761,244.154,0.7082,144.952
40,22720,4,2048,51200,256,1,1,1,154.905,160.77,134.048,138.834,150.946,0.0011,135.327,0.376,94.034,0.2241,301.891,0.6022,171.061
40,22760,4,2048,51200,256,1,1,1,119.23,73.895,40.691,106.058,119.27,0.0011,148.203,0.4515,78.574,0.2846,238.541,0.7383,140.021
40,22800,4,2048,51200,256,1,1,1,133.289,124.866,96.939,133.213,133.258,0.0011,147.68,0.3992,89.183,0.2557,266.516,0.657,157.904
40,22840,4,2048,51200,256,1,1,1,118.896,74.514,40.884,119.103,118.977,0.0011,150.506,0.4438,80.497,0.2873,237.953,0.7332,141.967
40,22880,4,2048,51200,256,1,1,1,150.393,152.799,119.491,150.4,149.662,0.0011,147.472,0.3697,96.948,0.2292,299.325,0.6011,173.787
40,22920,4,2048,51200,256,1,1,1,118.516,73.091,41.272,118.89,118.883,0.0011,148.258,0.4491,80.084,0.2896,237.767,0.7408,141.491
40,22960,4,2048,51200,256,1,1,1,132.182,123.615,95.601,133.131,132.802,0.0011,150.264,0.4034,89.469,0.2601,265.604,0.6656,158.019
40,23000,4,2048,51200,256,1,1,1,118.604,68.788,41.441,119.288,118.458,0.0011,151.464,0.4491,80.631,0.2927,236.917,0.7439,141.883
40,23040,4,2048,51200,256,1,1,1,115.093,170.465,162.894,120.146,116.608,0.0011,151.708,0.4358,83.382,0.2983,233.217,0.7362,143.859
40,23080,4,2048,51200,256,1,1,1,118.324,67.093,41.704,118.205,118.264,0.0011,148.002,0.456,79.947,0.2952,236.528,0.7534,141.072
40,23120,4,2048,51200,256,1,1,1,132.894,130.752,98.159,132.63,132.764,0.0011,147.613,0.409,89.454,0.2639,265.527,0.675,158.003
40,23160,4,2048,51200,256,1,1,1,118.756,72.721,41.759,118.122,118.728,0.0011,148.137,0.4568,80.348,0.2961,237.456,0.7551,141.725
40,23200,4,2048,51200,256,1,1,1,148.371,159.765,143.636,149.655,147.31,0.0011,148.8,0.3783,97.355,0.2395,294.621,0.6199,173.221
40,23240,4,2048,51200,256,1,1,1,118.342,74.599,41.717,119.182,118.608,0.0011,148.72,0.4588,80.547,0.2984,237.215,0.7594,141.889
40,23280,4,2048,51200,256,1,1,1,133.607,128.542,100.217,133.651,132.676,0.0011,149.032,0.4107,90.279,0.2677,265.351,0.6806,158.861
40,23320,4,2048,51200,256,1,1,1,117.558,72.553,41.632,117.949,117.849,0.0011,147.905,0.4648,80.052,0.3024,235.699,0.7693,141.013
40,23360,4,2048,51200,256,1,1,1,150.729,164.496,143.683,150.291,150.782,0.0011,147.941,0.3801,98.208,0.2372,301.565,0.6194,175.738
40,23400,4,2048,51200,256,1,1,1,118.782,73.561,41.913,118.898,118.725,0.0011,147.444,0.4646,80.623,0.3023,237.45,0.769,142.041
40,23440,4,2048,51200,256,1,1,1,133.58,129.85,99.821,133.307,,,,,,,,,
