num_attention_heads,hidden_size,train_micro_batch_size_per_gpu,seq_length,vocab_size,train_batch_size,tensor_mp_size,pipeline_mp_size,dp_size,actual_attention_duration,actual_attention_throughput,actual_mlp_duration,actual_mlp_throughput,actual_duration,actual_throughput
32,32,4,2048,51200,256,1,1,1,,,,,,
32,32,4,2048,51200,256,1,1,1,0.0021,1.07,0.0003,0.451,0.002,1.183
32,64,4,2048,51200,256,1,1,1,,,,,,
32,32,4,2048,51200,256,1,1,1,,,,,,
32,32,4,2048,51200,256,1,1,1,,,,,,
32,32,4,2048,51200,256,1,1,1,,,,,,
32,32,4,2048,51200,256,1,1,1,0.0017,1.285,0.0001,0.943,0.0019,1.25
32,64,4,2048,51200,256,1,1,1,,,,,,
32,32,4,2048,51200,256,1,1,1,,,,,,
32,32,4,2048,51200,256,1,1,1,,,,,,
32,32,4,2048,51200,256,1,1,1,0.0017,1.286,0.0002,0.872,0.0019,1.257
32,64,4,2048,51200,256,1,1,1,0.0015,2.981,0.0002,3.558,0.0017,2.999
32,96,4,2048,51200,256,1,1,1,0.0016,4.517,0.0002,7.998,0.0017,4.747
32,128,4,2048,51200,256,1,1,1,0.0016,6.188,0.0002,14.21,0.0018,6.715
32,160,4,2048,51200,256,1,1,1,0.0016,7.816,0.0001,25.7,0.0018,8.763
32,192,4,2048,51200,256,1,1,1,0.0016,9.615,0.0001,34.692,0.0019,10.582
32,224,4,2048,51200,256,1,1,1,0.0016,11.277,0.0001,47.328,0.0019,12.841
32,256,4,2048,51200,256,1,1,1,0.0016,13.277,0.0002,54.367,0.002,15.022
32,288,4,2048,51200,256,1,1,1,0.0017,14.676,0.0002,55.672,0.002,17.61
32,320,4,2048,51200,256,1,1,1,0.0017,16.628,0.0002,68.256,0.0021,19.625
32,352,4,2048,51200,256,1,1,1,0.0017,18.497,0.0002,72.269,0.0022,22.307
32,384,4,2048,51200,256,1,1,1,0.0017,20.436,0.0002,78.541,0.0022,24.87
32,416,4,2048,51200,256,1,1,1,0.0018,21.937,0.0003,88.384,0.0023,27.04
32,448,4,2048,51200,256,1,1,1,0.0018,24.596,0.0003,99.466,0.0022,31.088
32,480,4,2048,51200,256,1,1,1,0.0018,25.797,0.0003,101.913,0.0024,32.35
32,512,4,2048,51200,256,1,1,1,0.0019,27.46,0.0003,114.685,0.0025,33.756
32,544,4,2048,51200,256,1,1,1,0.002,28.493,0.0004,97.597,0.0027,34.854
32,576,4,2048,51200,256,1,1,1,0.0019,31.537,0.0004,106.941,0.0026,39.544
32,608,4,2048,51200,256,1,1,1,0.0021,30.889,0.0004,119.247,0.0029,39.689
32,640,4,2048,51200,256,1,1,1,0.0021,32.835,0.0004,123.271,0.0029,42.222
32,672,4,2048,51200,256,1,1,1,0.0022,33.518,0.0005,124.852,0.003,44.899
32,704,4,2048,51200,256,1,1,1,0.0023,34.943,0.0005,125.447,0.0032,45.461
32,736,4,2048,51200,256,1,1,1,0.0023,37.208,0.0005,137.004,0.0032,49.233
32,768,4,2048,51200,256,1,1,1,0.0023,39.993,0.0006,134.873,0.0032,52.658
32,800,4,2048,51200,256,1,1,1,0.0025,38.778,0.0006,136.801,0.0035,50.673
32,832,4,2048,51200,256,1,1,1,0.0026,38.891,0.0006,141.626,0.0035,54.191
32,864,4,2048,51200,256,1,1,1,0.0026,41.793,0.0007,137.314,0.0036,56.824
32,896,4,2048,51200,256,1,1,1,0.0024,46.64,0.0007,149.046,0.0035,62.933
32,928,4,2048,51200,256,1,1,1,0.0028,42.699,0.0007,159.395,0.0037,63.075
32,960,4,2048,51200,256,1,1,1,0.0028,45.35,0.0009,136.13,0.0039,63.44
32,992,4,2048,51200,256,1,1,1,0.0028,46.675,0.0009,148.571,0.0039,67.276
32,1024,4,2048,51200,256,1,1,1,0.0026,53.5,0.0009,160.8,0.0037,74.05
32,1056,4,2048,51200,256,1,1,1,0.003,48.618,0.0009,167.495,0.0042,69.439
32,1088,4,2048,51200,256,1,1,1,0.0029,52.317,0.0011,141.897,0.0043,71.784
32,1120,4,2048,51200,256,1,1,1,0.0031,50.769,0.0011,149.677,0.0043,74.87
32,1152,4,2048,51200,256,1,1,1,0.0029,56.68,0.0013,132.266,0.0042,80.345
32,1184,4,2048,51200,256,1,1,1,0.0032,54.378,0.0011,165.978,0.0047,75.618
32,1216,4,2048,51200,256,1,1,1,0.003,58.984,0.0011,180.82,0.0047,79.951
32,1248,4,2048,51200,256,1,1,1,0.0032,58.349,0.0013,161.681,0.005,78.33
32,1280,4,2048,51200,256,1,1,1,0.003,63.881,0.0013,166.637,0.0047,87.08
32,1312,4,2048,51200,256,1,1,1,0.0035,56.89,0.0014,157.17,0.0052,81.872
32,1344,4,2048,51200,256,1,1,1,0.0033,62.836,0.0016,147.481,0.0051,87.979
32,1376,4,2048,51200,256,1,1,1,0.0035,62.625,0.0017,144.803,0.0055,84.671
32,1408,4,2048,51200,256,1,1,1,0.0035,64.075,0.0014,180.328,0.0057,85.555
32,1440,4,2048,51200,256,1,1,1,0.0036,64.927,0.0018,155.224,0.006,83.823
32,1472,4,2048,51200,256,1,1,1,0.0036,66.719,0.0017,163.801,0.0059,88.671
32,1504,4,2048,51200,256,1,1,1,0.0037,66.696,0.002,148.875,0.0056,96.981
32,1536,4,2048,51200,256,1,1,1,0.0035,74.181,0.002,151.778,0.0057,99.951
32,1568,4,2048,51200,256,1,1,1,0.004,66.521,0.0023,140.527,0.0063,94.161
32,1600,4,2048,51200,256,1,1,1,0.0039,71.259,0.0022,152.77,0.0063,97.363
32,1632,4,2048,51200,256,1,1,1,0.004,71.827,0.0024,146.528,0.007,90.667
32,1664,4,2048,51200,256,1,1,1,0.0041,71.175,0.0019,189.671,0.0068,96.263
32,1696,4,2048,51200,256,1,1,1,0.0043,69.802,0.0021,179.998,0.0072,93.899
32,1728,4,2048,51200,256,1,1,1,0.004,77.496,0.0024,164.905,0.0079,88.46
32,1760,4,2048,51200,256,1,1,1,0.0045,71.521,0.0026,158.128,0.0071,102.578
32,1792,4,2048,51200,256,1,1,1,0.0039,84.07,0.0029,144.542,0.0069,109.559
32,1824,4,2048,51200,256,1,1,1,0.0045,75.516,0.0029,148.733,0.0077,100.427
32,1856,4,2048,51200,256,1,1,1,0.0044,79.016,0.003,148.895,0.0081,99.125
32,1888,4,2048,51200,256,1,1,1,0.0048,74.823,0.0025,185.484,0.0084,98.288
32,1920,4,2048,51200,256,1,1,1,0.0045,82.301,0.0037,129.579,0.0095,89.64
32,1952,4,2048,51200,256,1,1,1,0.0047,80.5,0.0032,154.617,0.0083,106.251
32,1984,4,2048,51200,256,1,1,1,0.0047,83.488,0.0033,157.051,0.0079,114.826
32,2016,4,2048,51200,256,1,1,1,0.0049,81.379,0.0037,144.651,0.0084,111.324
32,2048,4,2048,51200,256,1,1,1,0.0046,90.273,0.0034,159.939,0.008,120.673
32,2080,4,2048,51200,256,1,1,1,0.0052,81.977,0.0041,138.988,0.0098,100.684
32,2112,4,2048,51200,256,1,1,1,0.005,86.211,0.0031,188.758,0.0097,105.262
32,2144,4,2048,51200,256,1,1,1,0.0053,83.828,0.0039,155.432,0.0107,98.078
32,2176,4,2048,51200,256,1,1,1,0.0049,92.861,0.005,124.669,0.0096,112.132
32,2208,4,2048,51200,256,1,1,1,0.0054,87.264,0.0041,155.094,0.0098,113.223
32,2240,4,2048,51200,256,1,1,1,0.0051,93.701,0.0045,145.643,0.0099,115.341
32,2272,4,2048,51200,256,1,1,1,0.0057,86.288,0.0042,160.854,0.0101,116.092
32,2304,4,2048,51200,256,1,1,1,0.0056,90.124,0.004,174.421,0.0112,106.943
32,2336,4,2048,51200,256,1,1,1,0.006,85.301,0.0038,188.381,0.0124,99.443
32,2368,4,2048,51200,256,1,1,1,0.0053,99.173,0.0047,155.376,0.0124,101.775
32,2400,4,2048,51200,256,1,1,1,0.0056,95.429,0.0051,148.425,0.0111,116.624
32,2432,4,2048,51200,256,1,1,1,0.006,91.782,0.0048,161.047,0.0106,125.376
32,2464,4,2048,51200,256,1,1,1,0.0063,90.018,0.0051,156.496,0.0112,121.805
32,2496,4,2048,51200,256,1,1,1,0.0061,93.834,0.005,162.221,0.011,126.071
32,2528,4,2048,51200,256,1,1,1,0.0065,90.645,0.0053,158.291,0.0129,110.406
32,2560,4,2048,51200,256,1,1,1,0.0063,95.856,0.0055,156.008,0.0129,113.517
32,2592,4,2048,51200,256,1,1,1,0.007,87.564,0.0047,189.003,0.0136,109.58
32,2624,4,2048,51200,256,1,1,1,0.0069,90.956,0.0058,155.336,0.0146,104.992
32,2656,4,2048,51200,256,1,1,1,0.0063,101.999,0.0058,158.192,0.0151,103.962
32,2688,4,2048,51200,256,1,1,1,0.0065,100.276,0.0065,146.808,0.0121,131.789
32,2720,4,2048,51200,256,1,1,1,0.0072,92.645,0.006,161.88,0.0129,126.832
32,2752,4,2048,51200,256,1,1,1,0.0067,100.893,0.0062,160.925,0.0141,119.09
32,2784,4,2048,51200,256,1,1,1,0.0079,88.112,0.0062,164.305,0.0152,112.338
32,2816,4,2048,51200,256,1,1,1,0.0072,98.836,0.0052,198.628,0.0148,118.047
32,2848,4,2048,51200,256,1,1,1,0.008,90.744,0.0056,191.228,0.0172,103.574
32,2880,4,2048,51200,256,1,1,1,0.0067,110.719,0.0078,138.778,0.0178,102.673
32,2912,4,2048,51200,256,1,1,1,0.0076,98.826,0.007,157.752,0.014,133.021
32,2944,4,2048,51200,256,1,1,1,0.0078,98.625,0.0069,165.384,0.0137,138.353
32,2976,4,2048,51200,256,1,1,1,0.008,97.713,0.0073,159.775,0.0167,116.086
32,3008,4,2048,51200,256,1,1,1,0.0084,94.666,0.0072,165.168,0.0171,115.663
32,3040,4,2048,51200,256,1,1,1,0.0088,92.37,0.0062,194.968,0.0183,110.354
32,3072,4,2048,51200,256,1,1,1,0.0079,104.884,0.0073,169.913,0.0178,115.553
32,3104,4,2048,51200,256,1,1,1,0.0073,115.282,0.0085,147.744,0.019,110.545
32,3136,4,2048,51200,256,1,1,1,0.0075,113.74,0.0097,133.091,0.0153,139.83
32,3168,4,2048,51200,256,1,1,1,0.009,96.385,0.0081,161.728,0.0158,138.189
32,3200,4,2048,51200,256,1,1,1,0.0084,105.374,0.0085,158.403,0.0159,140.467
32,3232,4,2048,51200,256,1,1,1,0.009,99.691,0.0083,164.549,0.0183,124.348
32,3264,4,2048,51200,256,1,1,1,0.0091,100.589,0.0071,196.741,0.0199,116.533
32,3296,4,2048,51200,256,1,1,1,0.0093,100.298,0.007,204.248,0.0205,114.848
32,3328,4,2048,51200,256,1,1,1,0.0074,127.42,0.0098,148.313,0.0197,121.937
32,3360,4,2048,51200,256,1,1,1,0.0081,118.577,0.0109,136.364,0.0225,108.527
32,3392,4,2048,51200,256,1,1,1,0.0096,102.361,0.0094,161.241,0.0179,139.336
32,3424,4,2048,51200,256,1,1,1,0.0094,106.585,0.0096,159.426,0.0181,139.822
32,3456,4,2048,51200,256,1,1,1,0.01,101.926,0.0101,155.661,0.0194,133.124
32,3488,4,2048,51200,256,1,1,1,0.0104,99.646,0.0098,163.489,0.0218,120.302
32,3520,4,2048,51200,256,1,1,1,0.0098,106.746,0.0097,166.632,0.0231,115.666
32,3552,4,2048,51200,256,1,1,1,0.0088,120.816,0.011,149.988,0.0233,116.767
32,3584,4,2048,51200,256,1,1,1,0.0084,128.944,0.0119,141.107,0.0239,115.6
32,3616,4,2048,51200,256,1,1,1,0.0108,101.747,0.0121,141.819,0.0201,140.133
32,3648,4,2048,51200,256,1,1,1,0.0101,110.51,0.0107,162.27,0.0202,141.993
32,3680,4,2048,51200,256,1,1,1,0.0114,99.833,0.0105,169.455,0.0203,143.412
32,3712,4,2048,51200,256,1,1,1,0.0111,103.953,0.0109,166.349,0.0221,133.833
32,3744,4,2048,51200,256,1,1,1,0.011,106.748,0.0111,165.721,0.025,120.445
32,3776,4,2048,51200,256,1,1,1,0.0115,103.461,0.0091,204.812,0.0254,120.399
32,3808,4,2048,51200,256,1,1,1,0.0114,106.01,0.0116,164.283,0.0266,116.639
32,3840,4,2048,51200,256,1,1,1,0.0092,133.327,0.0145,133.54,0.028,112.548
32,3872,4,2048,51200,256,1,1,1,0.0126,98.77,0.0137,143.764,0.0236,135.685
32,3904,4,2048,51200,256,1,1,1,0.0122,103.742,0.0119,167.232,0.0235,138.415
32,3936,4,2048,51200,256,1,1,1,0.0118,108.026,0.0128,158.921,0.027,122.503
32,3968,4,2048,51200,256,1,1,1,0.0117,111.424,0.0123,168.25,0.0261,128.872
32,4000,4,2048,51200,256,1,1,1,0.0125,105.062,0.0102,205.485,0.0283,120.724
32,4032,4,2048,51200,256,1,1,1,0.0127,104.831,0.0148,143.718,0.0304,114.09
32,4064,4,2048,51200,256,1,1,1,0.0108,125.481,0.0145,149.541,0.0291,120.889
32,4096,4,2048,51200,256,1,1,1,0.0111,123.681,0.0135,163.279,0.0245,145.622
32,4128,4,2048,51200,256,1,1,1,0.0134,103.885,0.0134,167.09,0.0263,138.121
32,4160,4,2048,51200,256,1,1,1,0.0139,101.954,0.0152,148.824,0.0293,125.709
32,4192,4,2048,51200,256,1,1,1,0.0137,104.856,0.0138,167.058,0.031,120.344
32,4224,4,2048,51200,256,1,1,1,0.014,103.954,0.0145,160.752,0.0315,120.37
32,4256,4,2048,51200,256,1,1,1,0.0115,127.615,0.0159,149.41,0.0326,118.105
32,4288,4,2048,51200,256,1,1,1,0.0138,107.851,0.0166,145.566,0.0322,121.099
32,4320,4,2048,51200,256,1,1,1,0.0142,106.626,0.0157,155.589,0.0287,138.034
32,4352,4,2048,51200,256,1,1,1,0.0143,107.574,0.0183,135.573,0.0364,110.37
32,4384,4,2048,51200,256,1,1,1,0.0163,95.478,0.0136,185.272,0.0361,112.762
32,4416,4,2048,51200,256,1,1,1,0.0119,132.148,0.0171,149.242,0.034,121.481
32,4448,4,2048,51200,256,1,1,1,0.015,106.18,0.0177,146.181,0.0349,119.967
32,4480,4,2048,51200,256,1,1,1,0.0152,106.253,0.0172,152.613,0.0311,136.515
32,4512,4,2048,51200,256,1,1,1,0.0166,98.509,0.0162,164.5,0.0307,140.275
32,4544,4,2048,51200,256,1,1,1,0.0158,104.898,0.0166,162.603,0.034,128.415
32,4576,4,2048,51200,256,1,1,1,0.0154,108.8,0.0166,165.303,0.0349,126.737
32,4608,4,2048,51200,256,1,1,1,0.0164,103.918,0.0199,139.963,0.0384,116.625
32,4640,4,2048,51200,256,1,1,1,0.0131,131.566,0.0196,144.019,0.0319,142.585
32,4672,4,2048,51200,256,1,1,1,0.0156,111.994,0.0172,166.584,0.0312,147.64
32,4704,4,2048,51200,256,1,1,1,0.0161,109.454,0.018,161.059,0.0324,144.182
32,4736,4,2048,51200,256,1,1,1,0.0155,115.661,0.0178,165.321,0.0343,137.798
32,4768,4,2048,51200,256,1,1,1,0.0175,103.601,0.0154,193.537,0.0373,128.567
32,4800,4,2048,51200,256,1,1,1,0.017,107.893,0.0189,159.404,0.0399,121.638
32,4832,4,2048,51200,256,1,1,1,0.0137,135.292,0.0202,151.227,0.0401,122.642
32,4864,4,2048,51200,256,1,1,1,0.0126,149.355,0.0204,151.855,0.0341,145.846
32,4896,4,2048,51200,256,1,1,1,0.0176,108.071,0.0196,160.28,0.0371,135.984
32,4928,4,2048,51200,256,1,1,1,0.0175,109.679,0.0199,160.149,0.0368,138.76
32,4960,4,2048,51200,256,1,1,1,0.0177,110.054,0.0193,166.764,0.0381,135.724
32,4992,4,2048,51200,256,1,1,1,0.0195,100.917,0.0205,159.435,0.0375,139.629
32,5024,4,2048,51200,256,1,1,1,0.0187,106.635,0.0199,165.903,0.0413,128.187
32,5056,4,2048,51200,256,1,1,1,0.0178,113.348,0.0205,163.16,0.0411,130.672
32,5088,4,2048,51200,256,1,1,1,0.0182,112.011,0.0205,165.691,0.043,126.188
32,5120,4,2048,51200,256,1,1,1,0.018,114.682,0.0228,150.948,0.0439,125.317
32,5152,4,2048,51200,256,1,1,1,0.0189,110.262,0.0233,149.582,0.0456,122.049
32,5184,4,2048,51200,256,1,1,1,0.016,131.489,0.0242,145.338,0.0462,121.977
32,5216,4,2048,51200,256,1,1,1,0.0191,111.609,0.0226,157.747,0.0406,140.246
32,5248,4,2048,51200,256,1,1,1,0.0184,117.219,0.0217,165.992,0.041,140.61
32,5280,4,2048,51200,256,1,1,1,0.02,109.144,0.0229,159.592,0.0423,137.932
32,5312,4,2048,51200,256,1,1,1,0.0219,100.679,0.0224,165.026,0.0429,137.7
32,5344,4,2048,51200,256,1,1,1,0.02,111.475,0.0236,158.366,0.0472,126.506
32,5376,4,2048,51200,256,1,1,1,0.0185,122.207,0.0258,146.821,0.0474,127.487
32,5408,4,2048,51200,256,1,1,1,0.0194,117.286,0.0256,149.671,0.0482,126.722
32,5440,4,2048,51200,256,1,1,1,0.0193,119.595,0.0264,147.093,0.0497,124.467
32,5472,4,2048,51200,256,1,1,1,0.0216,107.844,0.0262,149.569,0.0503,124.326
32,5504,4,2048,51200,256,1,1,1,0.0168,140.177,0.027,146.904,0.0492,128.535
32,5536,4,2048,51200,256,1,1,1,0.0207,114.94,0.0253,158.921,0.0451,141.812
32,5568,4,2048,51200,256,1,1,1,0.0232,103.55,0.0245,165.717,0.0455,142.248
32,5600,4,2048,51200,256,1,1,1,0.0217,112.064,0.0255,161.012,0.0493,132.819
32,5632,4,2048,51200,256,1,1,1,0.0193,127.255,0.0249,166.885,0.0494,133.855
32,5664,4,2048,51200,256,1,1,1,0.0226,109.84,0.0254,165.34,0.053,126.169
32,5696,4,2048,51200,256,1,1,1,0.0206,121.703,0.0253,168.402,0.0531,127.253
32,5728,4,2048,51200,256,1,1,1,0.0186,136.399,0.0287,149.899,0.054,126.609
32,5760,4,2048,51200,256,1,1,1,0.0178,143.835,0.0369,117.912,0.0523,131.999
32,5792,4,2048,51200,256,1,1,1,0.0219,117.97,0.0266,165.222,0.053,131.897
32,5824,4,2048,51200,256,1,1,1,0.0226,115.842,0.0277,160.585,0.0525,134.436
32,5856,4,2048,51200,256,1,1,1,0.0221,119.302,0.0273,164.846,0.0573,124.55
32,5888,4,2048,51200,256,1,1,1,0.0179,149.21,0.03,151.289,0.0545,132.403
32,5920,4,2048,51200,256,1,1,1,0.018,149.542,0.0301,152.454,0.0576,126.605
32,5952,4,2048,51200,256,1,1,1,0.0231,117.801,0.0316,146.899,0.0572,128.786
32,5984,4,2048,51200,256,1,1,1,0.0237,115.897,0.0303,154.684,0.0533,139.628
32,6016,4,2048,51200,256,1,1,1,0.0256,108.565,0.0286,165.68,0.0507,148.441
32,6048,4,2048,51200,256,1,1,1,0.0246,114.127,0.0307,156.11,0.0568,133.727
32,6080,4,2048,51200,256,1,1,1,0.023,122.883,0.0294,164.918,0.0583,131.644
32,6112,4,2048,51200,256,1,1,1,0.0256,111.443,0.0321,152.362,0.0599,129.551
32,6144,4,2048,51200,256,1,1,1,0.0197,146.2,0.0321,154.107,0.0592,132.221
32,6176,4,2048,51200,256,1,1,1,0.0199,146.204,0.0343,145.765,0.0614,128.832
32,6208,4,2048,51200,256,1,1,1,0.0247,119.03,0.0322,156.93,0.0531,150.464
32,6240,4,2048,51200,256,1,1,1,0.0252,117.869,0.0321,159.079,0.0596,135.371
32,6272,4,2048,51200,256,1,1,1,0.0257,116.912,0.0329,156.8,0.0597,136.567
32,6304,4,2048,51200,256,1,1,1,0.0248,122.116,0.0318,163.72,0.0631,130.565
32,6336,4,2048,51200,256,1,1,1,0.0273,112.046,0.0309,170.521,0.0651,127.826
32,6368,4,2048,51200,256,1,1,1,0.0254,121.568,0.0346,153.786,0.065,129.192
32,6400,4,2048,51200,256,1,1,1,0.0216,144.288,0.0354,151.65,0.0635,133.576
32,6432,4,2048,51200,256,1,1,1,0.0265,118.632,0.0354,153.035,0.0591,144.816
32,6464,4,2048,51200,256,1,1,1,0.0288,110.138,0.0333,164.688,0.0624,138.537
32,6496,4,2048,51200,256,1,1,1,0.0273,117.376,0.0352,157.169,0.0635,137.566
32,6528,4,2048,51200,256,1,1,1,0.0268,120.633,0.0388,144.054,0.0755,116.73
32,6560,4,2048,51200,256,1,1,1,0.0234,139.251,0.0373,151.42,0.068,130.824
32,6592,4,2048,51200,256,1,1,1,0.0219,150.473,0.0366,155.449,0.0687,130.729
32,6624,4,2048,51200,256,1,1,1,0.0274,121.334,0.0355,162.103,0.0614,147.732
32,6656,4,2048,51200,256,1,1,1,0.0264,126.762,0.036,161.346,0.064,143.057
32,6688,4,2048,51200,256,1,1,1,0.0278,121.584,0.0357,164.261,0.0624,148.177
32,6720,4,2048,51200,256,1,1,1,0.0301,113.436,0.0436,135.666,0.0714,130.649
32,6752,4,2048,51200,256,1,1,1,0.0279,123.253,0.0365,163.577,0.072,130.774
32,6784,4,2048,51200,256,1,1,1,0.0293,118.657,0.0394,152.966,0.0719,132.212
32,6816,4,2048,51200,256,1,1,1,0.0252,139.206,0.0405,150.182,0.0647,148.249
32,6848,4,2048,51200,256,1,1,1,0.0295,119.939,0.0371,165.693,0.0688,140.684
32,6880,4,2048,51200,256,1,1,1,0.0328,108.755,0.0391,158.623,0.066,148.106
32,6912,4,2048,51200,256,1,1,1,0.0283,126.909,0.0405,154.59,0.074,133.243
32,6944,4,2048,51200,256,1,1,1,0.0313,115.893,0.0369,171.308,0.0766,129.804
32,6976,4,2048,51200,256,1,1,1,0.0285,128.446,0.039,163.371,0.0767,130.864
32,7008,4,2048,51200,256,1,1,1,0.0259,142.606,0.0423,152.287,0.0771,131.298
32,7040,4,2048,51200,256,1,1,1,0.0257,144.746,0.0424,153.261,0.0691,147.955
32,7072,4,2048,51200,256,1,1,1,0.031,121.167,0.0411,159.489,0.0714,144.321
32,7104,4,2048,51200,256,1,1,1,0.031,122.212,0.0418,158.293,0.0701,148.376
32,7136,4,2048,51200,256,1,1,1,0.0341,111.791,0.0406,164.584,0.0759,138.16
32,7168,4,2048,51200,256,1,1,1,0.0321,119.831,0.047,143.259,0.0767,137.923
32,7200,4,2048,51200,256,1,1,1,0.0307,126.239,0.0424,160.395,0.0827,129.128
32,7232,4,2048,51200,256,1,1,1,0.0331,118.33,0.0452,151.725,0.0797,135.093
32,7264,4,2048,51200,256,1,1,1,0.0316,124.993,0.0455,152.002,0.0773,140.567
32,7296,4,2048,51200,256,1,1,1,0.0324,122.888,0.0422,165.327,0.0739,148.33
32,7328,4,2048,51200,256,1,1,1,0.0347,115.505,0.0457,154.171,0.0753,146.732
32,7360,4,2048,51200,256,1,1,1,0.0312,129.622,0.0432,164.471,0.0795,140.243
32,7392,4,2048,51200,256,1,1,1,0.0332,122.676,0.0456,157.019,0.0792,141.976
32,7424,4,2048,51200,256,1,1,1,0.03,137.228,0.0436,165.688,0.0846,133.939
32,7456,4,2048,51200,256,1,1,1,0.0345,119.989,0.0483,150.99,0.0863,132.511
32,7488,4,2048,51200,256,1,1,1,0.0288,144.981,0.0482,152.32,0.0891,129.296
32,7520,4,2048,51200,256,1,1,1,0.0343,122.753,0.046,161.151,0.0833,139.569
32,7552,4,2048,51200,256,1,1,1,0.034,124.709,0.0472,158.274,0.0819,143.097
32,7584,4,2048,51200,256,1,1,1,0.037,115.63,0.0465,162.193,0.0848,139.306
32,7616,4,2048,51200,256,1,1,1,0.0359,119.999,0.0529,143.842,0.0873,136.475
32,7648,4,2048,51200,256,1,1,1,0.0339,128.328,0.0471,162.815,0.0902,133.239
32,7680,4,2048,51200,256,1,1,1,0.0391,111.917,0.062,124.619,0.0937,129.225
32,7712,4,2048,51200,256,1,1,1,0.0361,122.178,0.05,155.842,0.0836,146.023
32,7744,4,2048,51200,256,1,1,1,0.0376,118.332,0.0527,149.289,0.0951,129.418
32,7776,4,2048,51200,256,1,1,1,0.0371,120.901,0.0484,163.65,0.0906,136.97
32,7808,4,2048,51200,256,1,1,1,0.0343,131.906,0.0488,163.763,0.0928,134.862
32,7840,4,2048,51200,256,1,1,1,0.0362,125.768,0.0526,153.037,0.0941,134.028
32,7872,4,2048,51200,256,1,1,1,0.0307,149.409,0.0526,154.374,0.0865,146.964
32,7904,4,2048,51200,256,1,1,1,0.0372,124.287,0.0495,165.503,0.0917,139.662
32,7936,4,2048,51200,256,1,1,1,0.0351,132.904,0.0524,157.598,0.0852,151.632
32,7968,4,2048,51200,256,1,1,1,0.0311,150.742,0.0545,152.607,0.0967,134.578
32,8000,4,2048,51200,256,1,1,1,0.0302,156.914,0.0583,143.888,0.0936,140.191
32,8032,4,2048,51200,256,1,1,1,0.0383,124.507,0.0522,161.895,0.092,143.703
32,8064,4,2048,51200,256,1,1,1,0.0412,116.63,0.0628,135.615,0.0991,134.46
32,8096,4,2048,51200,256,1,1,1,0.0371,130.403,0.0533,161.136,0.0969,138.591
32,8128,4,2048,51200,256,1,1,1,0.0401,121.616,0.0556,155.677,0.0996,135.946
32,8160,4,2048,51200,256,1,1,1,0.0375,131.065,0.0549,158.987,0.1064,128.203
32,8192,4,2048,51200,256,1,1,1,0.0303,163.079,0.058,151.725,0.0997,137.815
32,8224,4,2048,51200,256,1,1,1,0.0341,146.29,0.0632,140.229,0.0946,146.364
32,8256,4,2048,51200,256,1,1,1,0.0401,125.332,0.0543,164.407,0.0974,143.338
32,8288,4,2048,51200,256,1,1,1,0.0428,118.306,0.06,150.053,0.097,144.925
32,8320,4,2048,51200,256,1,1,1,0.0406,125.615,0.0622,145.918,0.1089,130.103
32,8352,4,2048,51200,256,1,1,1,0.041,125.06,0.0543,168.482,0.1063,134.322
32,8384,4,2048,51200,256,1,1,1,0.039,132.419,0.059,156.138,0.1099,130.844
32,8416,4,2048,51200,256,1,1,1,0.0363,143.307,0.0604,153.665,0.1061,136.543
32,8448,4,2048,51200,256,1,1,1,0.0389,134.87,0.0603,155.064,0.1052,138.755
32,8480,4,2048,51200,256,1,1,1,0.0407,129.83,0.0612,154.004,0.111,132.554
32,8512,4,2048,51200,256,1,1,1,0.0348,152.821,0.0627,151.343,0.1098,134.913
32,8544,4,2048,51200,256,1,1,1,0.0407,131.734,0.0652,146.732,0.1007,148.164
32,8576,4,2048,51200,256,1,1,1,0.0441,122.307,0.0593,162.697,0.1044,144.017
32,8608,4,2048,51200,256,1,1,1,0.0462,117.586,0.0626,155.174,0.1055,143.588
32,8640,4,2048,51200,256,1,1,1,0.0429,127.462,0.0649,150.662,0.1178,129.501
32,8672,4,2048,51200,256,1,1,1,0.044,125.302,0.0643,153.4,0.1133,135.619
32,8704,4,2048,51200,256,1,1,1,0.0423,131.155,0.091,109.115,0.1195,129.499
32,8736,4,2048,51200,256,1,1,1,0.0426,131.17,0.062,161.24,0.116,134.41
32,8768,4,2048,51200,256,1,1,1,0.0457,123.158,0.0635,158.808,0.1235,127.133
32,8800,4,2048,51200,256,1,1,1,0.0376,150.564,0.0662,153.349,0.1187,133.219
32,8832,4,2048,51200,256,1,1,1,0.0443,128.884,0.0651,157.145,0.1088,146.398
32,8864,4,2048,51200,256,1,1,1,0.0477,120.394,0.0638,161.338,0.1107,144.892
32,8896,4,2048,51200,256,1,1,1,0.0434,133.305,0.0655,158.425,0.1134,142.48
32,8928,4,2048,51200,256,1,1,1,0.0443,131.321,0.0643,162.483,0.121,134.523
32,8960,4,2048,51200,256,1,1,1,0.0456,128.484,0.0633,166.225,0.1211,135.319
32,8992,4,2048,51200,256,1,1,1,0.0443,133.121,0.068,155.954,0.1238,133.242
32,9024,4,2048,51200,256,1,1,1,0.0373,159.161,0.0698,152.946,0.1213,137.002
32,9056,4,2048,51200,256,1,1,1,0.0407,147.005,0.073,147.158,0.1103,151.681
32,9088,4,2048,51200,256,1,1,1,0.0487,123.705,0.0673,160.93,0.1189,141.669
32,9120,4,2048,51200,256,1,1,1,0.0531,114.251,0.071,153.499,0.1174,144.535
32,9152,4,2048,51200,256,1,1,1,0.0457,133.693,0.0679,161.731,0.1253,136.366
32,9184,4,2048,51200,256,1,1,1,0.0489,125.636,0.0682,161.993,0.1268,135.641
32,9216,4,2048,51200,256,1,1,1,0.0492,125.826,0.0766,145.419,0.1394,124.201
32,9248,4,2048,51200,256,1,1,1,0.0478,130.237,0.0776,144.413,0.129,135.194
32,9280,4,2048,51200,256,1,1,1,0.0475,131.936,0.073,154.542,0.1192,147.217
32,9312,4,2048,51200,256,1,1,1,0.0497,126.848,0.0747,152.22,0.1247,141.731
32,9344,4,2048,51200,256,1,1,1,0.0465,136.544,0.0701,163.226,0.125,142.33
32,9376,4,2048,51200,256,1,1,1,0.055,116.241,0.0748,154.097,0.124,144.416
32,9408,4,2048,51200,256,1,1,1,0.0474,135.737,0.0725,160.108,0.1316,136.98
32,9440,4,2048,51200,256,1,1,1,0.0504,128.365,0.0715,163.298,0.133,136.474
32,9472,4,2048,51200,256,1,1,1,0.046,141.767,0.0728,161.601,0.1309,139.603
32,9504,4,2048,51200,256,1,1,1,0.042,156.089,0.0772,153.345,0.135,136.224
32,9536,4,2048,51200,256,1,1,1,0.0524,125.893,0.0739,161.371,0.1262,146.713
32,9568,4,2048,51200,256,1,1,1,0.0574,115.77,0.0772,155.358,0.1238,150.587
32,9600,4,2048,51200,256,1,1,1,0.0496,134.72,0.0874,138.245,0.1467,127.909
32,9632,4,2048,51200,256,1,1,1,0.0523,128.647,0.0786,154.805,0.1372,137.663
32,9664,4,2048,51200,256,1,1,1,0.0487,138.89,0.0778,157.299,0.139,136.724
32,9696,4,2048,51200,256,1,1,1,0.0439,155.233,0.0809,152.222,0.1386,138.023
32,9728,4,2048,51200,256,1,1,1,0.0498,137.52,0.0837,148.193,0.1292,149.05
32,9760,4,2048,51200,256,1,1,1,0.0563,122.496,0.0771,161.904,0.1368,141.71
32,9792,4,2048,51200,256,1,1,1,0.0566,122.587,0.0898,139.955,0.143,136.38
32,9824,4,2048,51200,256,1,1,1,0.0516,135.292,0.078,162.226,0.1426,137.658
32,9856,4,2048,51200,256,1,1,1,0.054,130.258,0.0826,154.124,0.1432,137.986
32,9888,4,2048,51200,256,1,1,1,0.0516,136.923,0.0826,155.147,0.1461,136.136
32,9920,4,2048,51200,256,1,1,1,0.0524,135.775,0.0864,149.264,0.1437,139.275
32,9952,4,2048,51200,256,1,1,1,0.0551,129.995,0.0852,152.365,0.1388,145.101
32,9984,4,2048,51200,256,1,1,1,0.0503,143.27,0.08,163.257,0.1377,147.159
32,10016,4,2048,51200,256,1,1,1,0.0616,117.691,0.0843,155.891,0.1464,139.291
32,10048,4,2048,51200,256,1,1,1,0.0558,130.673,0.0867,152.565,0.1416,144.922
32,10080,4,2048,51200,256,1,1,1,0.0545,134.702,0.0833,159.969,0.1532,134.811
32,10112,4,2048,51200,256,1,1,1,0.0531,138.854,0.0824,162.698,0.1499,138.648
32,10144,4,2048,51200,256,1,1,1,0.055,135.105,0.0872,154.624,0.1516,137.949
32,10176,4,2048,51200,256,1,1,1,0.0547,136.516,0.0892,152.232,0.1589,132.44
32,10208,4,2048,51200,256,1,1,1,0.0571,131.491,0.0846,161.523,0.1485,142.541
32,10240,4,2048,51200,256,1,1,1,0.0559,135.338,0.0922,149.053,0.1459,145.994
32,10272,4,2048,51200,256,1,1,1,0.0609,124.918,0.0856,161.632,0.1518,141.168
32,10304,4,2048,51200,256,1,1,1,0.0587,130.316,0.0946,147.106,0.1489,144.866
32,10336,4,2048,51200,256,1,1,1,0.056,137.491,0.0873,160.317,0.161,134.731
32,10368,4,2048,51200,256,1,1,1,0.0586,132.176,0.0896,157.26,0.1596,136.82
32,10400,4,2048,51200,256,1,1,1,0.0563,138.232,0.0941,150.609,0.1476,148.766
32,10432,4,2048,51200,256,1,1,1,0.0569,137.762,0.0881,161.887,0.1524,144.952
32,10464,4,2048,51200,256,1,1,1,0.0594,132.739,0.0928,154.672,0.1508,147.447
32,10496,4,2048,51200,256,1,1,1,0.059,134.351,0.0886,162.978,0.1521,147.073
32,10528,4,2048,51200,256,1,1,1,0.0613,129.952,0.0992,146.523,0.1553,144.909
32,10560,4,2048,51200,256,1,1,1,0.0572,140.265,0.0933,156.63,0.1638,138.176
32,10592,4,2048,51200,256,1,1,1,0.0603,133.645,0.0954,154.203,0.1636,139.192
32,10624,4,2048,51200,256,1,1,1,0.0588,138.042,0.0946,156.376,0.1613,141.989
32,10656,4,2048,51200,256,1,1,1,0.0585,139.546,0.0974,152.879,0.1636,140.868
32,10688,4,2048,51200,256,1,1,1,0.0611,134.351,0.0975,153.569,0.1568,147.798
32,10720,4,2048,51200,256,1,1,1,0.062,133.015,0.0928,162.335,0.1619,144.023
32,10752,4,2048,51200,256,1,1,1,0.0678,122.346,0.1086,139.487,0.1659,141.351
32,10784,4,2048,51200,256,1,1,1,0.0598,139.58,0.0948,160.794,0.1665,141.671
32,10816,4,2048,51200,256,1,1,1,0.0609,137.881,0.0992,154.644,0.1695,139.965
32,10848,4,2048,51200,256,1,1,1,0.0598,141.167,0.1009,152.904,0.1806,132.132
32,10880,4,2048,51200,256,1,1,1,0.0634,133.927,0.1122,138.315,0.1739,138.015
32,10912,4,2048,51200,256,1,1,1,0.0637,134.099,0.1013,154.128,0.1642,147.032
32,10944,4,2048,51200,256,1,1,1,0.0686,125.065,0.0996,157.653,0.1729,140.46
32,10976,4,2048,51200,256,1,1,1,0.0652,132.351,0.1001,157.743,0.1697,143.909
32,11008,4,2048,51200,256,1,1,1,0.0591,146.895,0.0978,162.345,0.1751,140.308
32,11040,4,2048,51200,256,1,1,1,0.0644,135.522,0.1042,153.379,0.1781,138.687
32,11072,4,2048,51200,256,1,1,1,0.0633,138.644,0.1027,156.467,0.1766,140.657
32,11104,4,2048,51200,256,1,1,1,0.0632,139.677,0.1048,154.152,0.1822,137.115
32,11136,4,2048,51200,256,1,1,1,0.0553,160.541,0.1065,152.597,0.1735,144.847
32,11168,4,2048,51200,256,1,1,1,0.0591,151.016,0.1171,139.557,0.174,145.228
32,11200,4,2048,51200,256,1,1,1,0.0672,133.538,0.1025,160.374,0.1786,142.298
32,11232,4,2048,51200,256,1,1,1,0.0681,132.419,0.1078,153.379,0.1787,143.006
32,11264,4,2048,51200,256,1,1,1,0.0637,142.396,0.1023,162.62,0.18,142.823
32,11296,4,2048,51200,256,1,1,1,0.0666,137.022,0.1043,160.285,0.1904,135.751
32,11328,4,2048,51200,256,1,1,1,0.0666,137.622,0.1086,154.821,0.1849,140.579
32,11360,4,2048,51200,256,1,1,1,0.0621,148.357,0.1101,153.647,0.1906,137.111
32,11392,4,2048,51200,256,1,1,1,0.0655,141.441,0.1145,148.545,0.1857,141.483
32,11424,4,2048,51200,256,1,1,1,0.0703,132.561,0.119,143.724,0.1805,146.436
32,11456,4,2048,51200,256,1,1,1,0.0687,136.446,0.1117,154.004,0.1825,145.609
32,11488,4,2048,51200,256,1,1,1,0.0732,128.743,0.1072,161.352,0.1883,141.875
32,11520,4,2048,51200,256,1,1,1,0.0802,118.046,0.1155,150.622,0.2228,120.573
32,11552,4,2048,51200,256,1,1,1,0.0679,140.225,0.1129,154.984,0.1969,137.211
32,11584,4,2048,51200,256,1,1,1,0.0639,149.876,0.1183,148.628,0.192,141.461
32,11616,4,2048,51200,256,1,1,1,0.0728,132.173,0.1211,146.026,0.1796,152.047
32,11648,4,2048,51200,256,1,1,1,0.0744,130.082,0.1106,160.732,0.1901,144.457
32,11680,4,2048,51200,256,1,1,1,0.0795,122.293,0.1152,155.225,0.1853,148.965
32,11712,4,2048,51200,256,1,1,1,0.0721,135.588,0.1155,155.598,0.1945,142.713
32,11744,4,2048,51200,256,1,1,1,0.0692,141.926,0.1137,159.041,0.209,133.491
32,11776,4,2048,51200,256,1,1,1,0.0671,147.298,0.1215,149.603,0.1949,143.908
32,11808,4,2048,51200,256,1,1,1,0.0666,149.137,0.1172,155.895,0.2005,140.689
32,11840,4,2048,51200,256,1,1,1,0.0679,147.101,0.1226,149.906,0.19,149.228
32,11872,4,2048,51200,256,1,1,1,0.072,139.361,0.115,160.594,0.1985,143.621
32,11904,4,2048,51200,256,1,1,1,0.0746,135.118,0.1203,154.394,0.1936,148.045
32,11936,4,2048,51200,256,1,1,1,0.0773,131.223,0.1168,159.812,0.2008,143.514
32,11968,4,2048,51200,256,1,1,1,0.0796,127.947,0.1324,141.8,0.2031,142.592
32,12000,4,2048,51200,256,1,1,1,0.0716,143.151,0.1179,160.103,0.2121,137.306
32,12032,4,2048,51200,256,1,1,1,0.0721,142.851,0.1217,155.888,0.2041,143.419
32,12064,4,2048,51200,256,1,1,1,0.0736,140.506,0.1257,151.71,0.2199,133.824
32,12096,4,2048,51200,256,1,1,1,0.0771,134.969,0.1229,155.981,0.2098,140.953
32,12128,4,2048,51200,256,1,1,1,0.0775,134.828,0.1258,153.276,0.2035,146.099
32,12160,4,2048,51200,256,1,1,1,0.0791,132.856,0.1197,161.938,0.2014,148.414
32,12192,4,2048,51200,256,1,1,1,0.0803,131.527,0.1313,148.373,0.2037,147.505
32,12224,4,2048,51200,256,1,1,1,0.0735,144.319,0.1211,161.75,0.2072,145.731
32,12256,4,2048,51200,256,1,1,1,0.0773,137.985,0.1258,156.513,0.2141,141.788
32,12288,4,2048,51200,256,1,1,1,0.0729,147.017,0.1224,161.739,0.2226,137.085
32,12320,4,2048,51200,256,1,1,1,0.0718,149.959,0.1297,153.36,0.2182,140.529
32,12352,4,2048,51200,256,1,1,1,0.069,156.914,0.1389,143.962,0.2088,147.664
32,12384,4,2048,51200,256,1,1,1,0.0796,136.77,0.1259,159.681,0.2168,142.881
32,12416,4,2048,51200,256,1,1,1,0.0724,151.022,0.1356,149.045,0.2179,142.925
32,12448,4,2048,51200,256,1,1,1,0.0807,136.129,0.1334,152.229,0.2115,147.996
32,12480,4,2048,51200,256,1,1,1,0.082,134.741,0.1358,150.303,0.2254,139.557
32,12512,4,2048,51200,256,1,1,1,0.0823,134.86,0.1334,153.866,0.2379,132.909
32,12544,4,2048,51200,256,1,1,1,0.0699,159.54,0.1338,154.184,0.2207,143.961
32,12576,4,2048,51200,256,1,1,1,0.0739,151.642,0.1377,150.596,0.2278,140.183
32,12608,4,2048,51200,256,1,1,1,0.0794,141.898,0.1292,161.315,0.2195,146.257
32,12640,4,2048,51200,256,1,1,1,0.0849,133.284,0.1403,149.243,0.2194,147.062
32,12672,4,2048,51200,256,1,1,1,0.0746,152.444,0.1481,142.086,0.2227,145.601
32,12704,4,2048,51200,256,1,1,1,0.082,139.415,0.1317,160.577,0.2278,143.062
32,12736,4,2048,51200,256,1,1,1,0.0944,121.725,0.1442,147.434,0.2197,149.068
32,12768,4,2048,51200,256,1,1,1,0.0825,139.962,0.1331,160.529,0.2282,144.2
32,12800,4,2048,51200,256,1,1,1,0.0825,140.616,0.1371,156.687,0.2229,148.339
32,12832,4,2048,51200,256,1,1,1,0.0826,141.125,0.1349,160.044,0.2321,143.189
32,12864,4,2048,51200,256,1,1,1,0.0884,132.454,0.149,145.583,0.2247,148.64
32,12896,4,2048,51200,256,1,1,1,0.077,152.863,0.1525,142.963,0.2339,143.463
32,12928,4,2048,51200,256,1,1,1,0.0828,142.79,0.1368,160.18,0.2333,144.593
32,12960,4,2048,51200,256,1,1,1,0.095,125.014,0.1518,145.023,0.2298,147.488
32,12992,4,2048,51200,256,1,1,1,0.084,142.127,0.1373,161.103,0.235,144.905
32,13024,4,2048,51200,256,1,1,1,0.088,136.233,0.1429,155.57,0.2378,143.931
32,13056,4,2048,51200,256,1,1,1,0.0872,138.237,0.1574,141.927,0.3011,114.199
32,13088,4,2048,51200,256,1,1,1,0.0855,141.631,0.1407,159.559,0.2514,137.453
32,13120,4,2048,51200,256,1,1,1,0.0783,155.247,0.1472,153.278,0.237,146.492
32,13152,4,2048,51200,256,1,1,1,0.0936,130.497,0.1419,159.735,0.2391,145.951
32,13184,4,2048,51200,256,1,1,1,0.0941,130.514,0.1454,156.66,0.2439,143.725
32,13216,4,2048,51200,256,1,1,1,0.0879,140.316,0.141,162.375,0.253,139.232
32,13248,4,2048,51200,256,1,1,1,0.0889,139.417,0.1459,157.629,0.2448,144.605
32,13280,4,2048,51200,256,1,1,1,0.0892,139.616,0.1464,157.936,0.241,147.548
32,13312,4,2048,51200,256,1,1,1,0.085,147.122,0.1424,163.107,0.2418,147.774
32,13344,4,2048,51200,256,1,1,1,0.0938,133.984,0.1505,155.1,0.2533,141.746
32,13376,4,2048,51200,256,1,1,1,0.0879,143.669,0.1484,158.043,0.2661,135.547
32,13408,4,2048,51200,256,1,1,1,0.0931,136.273,0.1519,155.082,0.2548,142.221
32,13440,4,2048,51200,256,1,1,1,0.0881,144.574,0.1998,118.493,0.2718,134.005
32,13472,4,2048,51200,256,1,1,1,0.0959,133.516,0.1505,158.072,0.25,146.345
32,13504,4,2048,51200,256,1,1,1,0.0971,132.366,0.161,148.463,0.2497,147.202
32,13536,4,2048,51200,256,1,1,1,0.104,124.194,0.1587,151.282,0.2527,146.172
32,13568,4,2048,51200,256,1,1,1,0.0929,139.732,0.1503,160.559,0.2555,145.248
32,13600,4,2048,51200,256,1,1,1,0.0994,131.129,0.1522,159.305,0.2568,145.179
32,13632,4,2048,51200,256,1,1,1,0.0943,138.787,0.158,154.155,0.2683,139.603
32,13664,4,2048,51200,256,1,1,1,0.0967,135.99,0.1588,154.145,0.2656,141.65
32,13696,4,2048,51200,256,1,1,1,0.0816,161.895,0.1654,148.663,0.2576,146.742
32,13728,4,2048,51200,256,1,1,1,0.0938,141.496,0.1562,158.169,0.276,137.564
32,13760,4,2048,51200,256,1,1,1,0.0966,137.951,0.1603,154.803,0.2659,143.482
32,13792,4,2048,51200,256,1,1,1,0.1018,131.497,0.1599,155.886,0.2685,142.717
32,13824,4,2048,51200,256,1,1,1,0.0967,139.12,0.1626,154.083,0.2683,143.48
32,13856,4,2048,51200,256,1,1,1,0.099,136.483,0.162,155.378,0.271,142.697
32,13888,4,2048,51200,256,1,1,1,0.1015,133.768,0.1629,155.21,0.2747,141.434
32,13920,4,2048,51200,256,1,1,1,,,,,,
